variable,group,value
dancing,2019-01,69.56521739130434
dancing,2019-02,63.04347826086956
dancing,2019-03,63.04347826086956
dancing,2019-04,56.52173913043478
dancing,2019-05,60.869565217391305
dancing,2019-06,60.869565217391305
dancing,2019-07,58.69565217391305
dancing,2019-08,71.73913043478261
dancing,2019-09,84.78260869565217
dancing,2019-10,84.78260869565217
dancing,2019-11,86.95652173913044
dancing,2019-12,60.869565217391305
dancing,2020-01,60.869565217391305
dancing,2020-02,65.21739130434783
dancing,2020-03,52.17391304347826
dancing,2020-04,56.52173913043478
dancing,2020-05,50.0
dancing,2020-06,50.0
dancing,2020-07,52.17391304347826
dancing,2020-08,54.34782608695652
dancing,2020-09,100.0
dancing,2020-10,80.43478260869566
dancing,2020-11,78.26086956521739
dancing,2020-12,54.34782608695652
dancing,2021-01,50.0
dancing,2021-02,47.82608695652174
dancing,2021-03,50.0
dancing,2021-04,52.17391304347826
dancing,2021-05,50.0
dancing,2021-06,47.82608695652174
dancing,2021-07,47.82608695652174
dancing,2021-08,50.0
dancing,2021-09,78.26086956521739
dancing,2021-10,71.73913043478261
breadmaking,2019-01,52.38095238095238
breadmaking,2019-02,9.523809523809524
breadmaking,2019-03,28.571428571428573
breadmaking,2019-04,0.0
breadmaking,2019-05,19.047619047619047
breadmaking,2019-06,9.523809523809524
breadmaking,2019-07,0.0
breadmaking,2019-08,33.333333333333336
breadmaking,2019-09,0.0
breadmaking,2019-10,0.0
breadmaking,2019-11,9.523809523809524
breadmaking,2019-12,28.571428571428573
breadmaking,2020-01,47.61904761904762
breadmaking,2020-02,47.61904761904762
breadmaking,2020-03,33.333333333333336
breadmaking,2020-04,66.66666666666667
breadmaking,2020-05,52.38095238095238
breadmaking,2020-06,42.857142857142854
breadmaking,2020-07,9.523809523809524
breadmaking,2020-08,9.523809523809524
breadmaking,2020-09,28.571428571428573
breadmaking,2020-10,19.047619047619047
breadmaking,2020-11,19.047619047619047
breadmaking,2020-12,100.0
breadmaking,2021-01,38.095238095238095
breadmaking,2021-02,0.0
breadmaking,2021-03,0.0
breadmaking,2021-04,9.523809523809524
breadmaking,2021-05,33.333333333333336
breadmaking,2021-06,9.523809523809524
breadmaking,2021-07,28.571428571428573
breadmaking,2021-08,0.0
breadmaking,2021-09,9.523809523809524
breadmaking,2021-10,0.0
hobby tunneling,2019-01,0.0
hobby tunneling,2019-02,0.0
hobby tunneling,2019-03,0.0
hobby tunneling,2019-04,0.0
hobby tunneling,2019-05,0.0
hobby tunneling,2019-06,0.0
hobby tunneling,2019-07,0.0
hobby tunneling,2019-08,0.0
hobby tunneling,2019-09,0.0
hobby tunneling,2019-10,0.0
hobby tunneling,2019-11,0.0
hobby tunneling,2019-12,0.0
hobby tunneling,2020-01,0.0
hobby tunneling,2020-02,0.0
hobby tunneling,2020-03,0.0
hobby tunneling,2020-04,0.0
hobby tunneling,2020-05,0.0
hobby tunneling,2020-06,0.0
hobby tunneling,2020-07,0.0
hobby tunneling,2020-08,0.0
hobby tunneling,2020-09,0.0
hobby tunneling,2020-10,0.0
hobby tunneling,2020-11,0.0
hobby tunneling,2020-12,0.0
hobby tunneling,2021-01,0.0
hobby tunneling,2021-02,0.0
hobby tunneling,2021-03,100.0
hobby tunneling,2021-04,0.0
hobby tunneling,2021-05,0.0
hobby tunneling,2021-06,0.0
hobby tunneling,2021-07,0.0
hobby tunneling,2021-08,0.0
hobby tunneling,2021-09,0.0
hobby tunneling,2021-10,0.0
rugby,2019-01,27.868852459016395
rugby,2019-02,39.34426229508197
rugby,2019-03,39.34426229508197
rugby,2019-04,31.147540983606557
rugby,2019-05,27.868852459016395
rugby,2019-06,27.868852459016395
rugby,2019-07,47.540983606557376
rugby,2019-08,31.147540983606557
rugby,2019-09,85.24590163934427
rugby,2019-10,100.0
rugby,2019-11,47.540983606557376
rugby,2019-12,26.229508196721312
rugby,2020-01,27.868852459016395
rugby,2020-02,42.622950819672134
rugby,2020-03,27.868852459016395
rugby,2020-04,16.39344262295082
rugby,2020-05,16.39344262295082
rugby,2020-06,19.672131147540984
rugby,2020-07,19.672131147540984
rugby,2020-08,19.672131147540984
rugby,2020-09,19.672131147540984
rugby,2020-10,22.950819672131146
rugby,2020-11,21.311475409836067
rugby,2020-12,19.672131147540984
rugby,2021-01,18.0327868852459
rugby,2021-02,27.868852459016395
rugby,2021-03,27.868852459016395
rugby,2021-04,24.59016393442623
rugby,2021-05,26.229508196721312
rugby,2021-06,24.59016393442623
rugby,2021-07,52.459016393442624
rugby,2021-08,31.147540983606557
rugby,2021-09,29.508196721311474
rugby,2021-10,29.508196721311474
walking,2019-01,69.76744186046511
walking,2019-02,83.72093023255815
walking,2019-03,100.0
walking,2019-04,81.3953488372093
walking,2019-05,69.76744186046511
walking,2019-06,72.09302325581395
walking,2019-07,74.4186046511628
walking,2019-08,69.76744186046511
walking,2019-09,81.3953488372093
walking,2019-10,88.37209302325581
walking,2019-11,72.09302325581395
walking,2019-12,60.46511627906977
walking,2020-01,67.44186046511628
walking,2020-02,74.4186046511628
walking,2020-03,86.04651162790698
walking,2020-04,83.72093023255815
walking,2020-05,72.09302325581395
walking,2020-06,72.09302325581395
walking,2020-07,69.76744186046511
walking,2020-08,67.44186046511628
walking,2020-09,74.4186046511628
walking,2020-10,86.04651162790698
walking,2020-11,65.11627906976744
walking,2020-12,62.7906976744186
walking,2021-01,65.11627906976744
walking,2021-02,74.4186046511628
walking,2021-03,97.67441860465117
walking,2021-04,83.72093023255815
walking,2021-05,76.74418604651163
walking,2021-06,74.4186046511628
walking,2021-07,76.74418604651163
walking,2021-08,93.02325581395348
walking,2021-09,81.3953488372093
walking,2021-10,76.74418604651163
metalworking,2019-01,83.33333333333333
metalworking,2019-02,77.77777777777777
metalworking,2019-03,66.66666666666667
metalworking,2019-04,66.66666666666667
metalworking,2019-05,77.77777777777777
metalworking,2019-06,66.66666666666667
metalworking,2019-07,55.55555555555556
metalworking,2019-08,50.0
metalworking,2019-09,83.33333333333333
metalworking,2019-10,72.22222222222223
metalworking,2019-11,44.44444444444444
metalworking,2019-12,66.66666666666667
metalworking,2020-01,100.0
metalworking,2020-02,100.0
metalworking,2020-03,72.22222222222223
metalworking,2020-04,88.88888888888889
metalworking,2020-05,77.77777777777777
metalworking,2020-06,66.66666666666667
metalworking,2020-07,77.77777777777777
metalworking,2020-08,55.55555555555556
metalworking,2020-09,66.66666666666667
metalworking,2020-10,77.77777777777777
metalworking,2020-11,61.111111111111114
metalworking,2020-12,50.0
metalworking,2021-01,83.33333333333333
metalworking,2021-02,55.55555555555556
metalworking,2021-03,66.66666666666667
metalworking,2021-04,55.55555555555556
metalworking,2021-05,61.111111111111114
metalworking,2021-06,72.22222222222223
metalworking,2021-07,38.888888888888886
metalworking,2021-08,77.77777777777777
metalworking,2021-09,44.44444444444444
metalworking,2021-10,72.22222222222223
taxidermy,2019-01,60.0
taxidermy,2019-02,50.0
taxidermy,2019-03,48.0
taxidermy,2019-04,49.0
taxidermy,2019-05,44.0
taxidermy,2019-06,37.0
taxidermy,2019-07,44.0
taxidermy,2019-08,46.0
taxidermy,2019-09,51.0
taxidermy,2019-10,62.0
taxidermy,2019-11,97.0
taxidermy,2019-12,75.0
taxidermy,2020-01,66.0
taxidermy,2020-02,51.0
taxidermy,2020-03,38.0
taxidermy,2020-04,49.0
taxidermy,2020-05,47.0
taxidermy,2020-06,41.0
taxidermy,2020-07,44.0
taxidermy,2020-08,46.0
taxidermy,2020-09,50.0
taxidermy,2020-10,66.0
taxidermy,2020-11,100.0
taxidermy,2020-12,87.0
taxidermy,2021-01,66.0
taxidermy,2021-02,59.0
taxidermy,2021-03,48.0
taxidermy,2021-04,48.0
taxidermy,2021-05,44.0
taxidermy,2021-06,47.0
taxidermy,2021-07,50.0
taxidermy,2021-08,52.0
taxidermy,2021-09,54.0
taxidermy,2021-10,57.0
insect collecting,2019-01,0.0
insect collecting,2019-02,23.529411764705884
insect collecting,2019-03,23.529411764705884
insect collecting,2019-04,23.529411764705884
insect collecting,2019-05,76.47058823529412
insect collecting,2019-06,0.0
insect collecting,2019-07,52.94117647058823
insect collecting,2019-08,52.94117647058823
insect collecting,2019-09,47.05882352941177
insect collecting,2019-10,23.529411764705884
insect collecting,2019-11,0.0
insect collecting,2019-12,0.0
insect collecting,2020-01,64.70588235294117
insect collecting,2020-02,47.05882352941177
insect collecting,2020-03,0.0
insect collecting,2020-04,41.1764705882353
insect collecting,2020-05,100.0
insect collecting,2020-06,23.529411764705884
insect collecting,2020-07,23.529411764705884
insect collecting,2020-08,88.23529411764706
insect collecting,2020-09,23.529411764705884
insect collecting,2020-10,47.05882352941177
insect collecting,2020-11,0.0
insect collecting,2020-12,0.0
insect collecting,2021-01,47.05882352941177
insect collecting,2021-02,23.529411764705884
insect collecting,2021-03,0.0
insect collecting,2021-04,76.47058823529412
insect collecting,2021-05,0.0
insect collecting,2021-06,23.529411764705884
insect collecting,2021-07,23.529411764705884
insect collecting,2021-08,0.0
insect collecting,2021-09,0.0
insect collecting,2021-10,88.23529411764706
book discussion clubs,2019-01,28.571428571428573
book discussion clubs,2019-02,0.0
book discussion clubs,2019-03,0.0
book discussion clubs,2019-04,57.142857142857146
book discussion clubs,2019-05,0.0
book discussion clubs,2019-06,28.571428571428573
book discussion clubs,2019-07,0.0
book discussion clubs,2019-08,0.0
book discussion clubs,2019-09,85.71428571428571
book discussion clubs,2019-10,28.571428571428573
book discussion clubs,2019-11,85.71428571428571
book discussion clubs,2019-12,0.0
book discussion clubs,2020-01,28.571428571428573
book discussion clubs,2020-02,28.571428571428573
book discussion clubs,2020-03,28.571428571428573
book discussion clubs,2020-04,28.571428571428573
book discussion clubs,2020-05,28.571428571428573
book discussion clubs,2020-06,71.42857142857143
book discussion clubs,2020-07,28.571428571428573
book discussion clubs,2020-08,57.142857142857146
book discussion clubs,2020-09,0.0
book discussion clubs,2020-10,85.71428571428571
book discussion clubs,2020-11,0.0
book discussion clubs,2020-12,0.0
book discussion clubs,2021-01,0.0
book discussion clubs,2021-02,28.571428571428573
book discussion clubs,2021-03,28.571428571428573
book discussion clubs,2021-04,28.571428571428573
book discussion clubs,2021-05,0.0
book discussion clubs,2021-06,0.0
book discussion clubs,2021-07,0.0
book discussion clubs,2021-08,85.71428571428571
book discussion clubs,2021-09,0.0
book discussion clubs,2021-10,100.0
planning,2019-01,91.30434782608695
planning,2019-02,91.30434782608695
planning,2019-03,89.1304347826087
planning,2019-04,89.1304347826087
planning,2019-05,86.95652173913044
planning,2019-06,82.6086956521739
planning,2019-07,80.43478260869566
planning,2019-08,84.78260869565217
planning,2019-09,93.47826086956522
planning,2019-10,91.30434782608695
planning,2019-11,80.43478260869566
planning,2019-12,76.08695652173913
planning,2020-01,97.82608695652173
planning,2020-02,100.0
planning,2020-03,80.43478260869566
planning,2020-04,78.26086956521739
planning,2020-05,76.08695652173913
planning,2020-06,80.43478260869566
planning,2020-07,82.6086956521739
planning,2020-08,78.26086956521739
planning,2020-09,93.47826086956522
planning,2020-10,86.95652173913044
planning,2020-11,73.91304347826087
planning,2020-12,67.3913043478261
planning,2021-01,76.08695652173913
planning,2021-02,82.6086956521739
planning,2021-03,80.43478260869566
planning,2021-04,86.95652173913044
planning,2021-05,80.43478260869566
planning,2021-06,73.91304347826087
planning,2021-07,71.73913043478261
planning,2021-08,73.91304347826087
planning,2021-09,84.78260869565217
planning,2021-10,82.6086956521739
marching band,2019-01,31.914893617021278
marching band,2019-02,25.53191489361702
marching band,2019-03,27.659574468085108
marching band,2019-04,29.78723404255319
marching band,2019-05,36.170212765957444
marching band,2019-06,27.659574468085108
marching band,2019-07,36.170212765957444
marching band,2019-08,59.57446808510638
marching band,2019-09,87.23404255319149
marching band,2019-10,100.0
marching band,2019-11,61.702127659574465
marching band,2019-12,29.78723404255319
marching band,2020-01,29.78723404255319
marching band,2020-02,25.53191489361702
marching band,2020-03,21.27659574468085
marching band,2020-04,21.27659574468085
marching band,2020-05,25.53191489361702
marching band,2020-06,21.27659574468085
marching band,2020-07,27.659574468085108
marching band,2020-08,25.53191489361702
marching band,2020-09,27.659574468085108
marching band,2020-10,23.404255319148938
marching band,2020-11,21.27659574468085
marching band,2020-12,14.893617021276595
marching band,2021-01,17.02127659574468
marching band,2021-02,17.02127659574468
marching band,2021-03,14.893617021276595
marching band,2021-04,17.02127659574468
marching band,2021-05,19.148936170212767
marching band,2021-06,17.02127659574468
marching band,2021-07,25.53191489361702
marching band,2021-08,36.170212765957444
marching band,2021-09,55.319148936170215
marching band,2021-10,70.2127659574468
brazilian jiu-jitsu,2019-01,42.10526315789474
brazilian jiu-jitsu,2019-02,73.6842105263158
brazilian jiu-jitsu,2019-03,47.36842105263158
brazilian jiu-jitsu,2019-04,63.1578947368421
brazilian jiu-jitsu,2019-05,47.36842105263158
brazilian jiu-jitsu,2019-06,47.36842105263158
brazilian jiu-jitsu,2019-07,84.21052631578948
brazilian jiu-jitsu,2019-08,89.47368421052632
brazilian jiu-jitsu,2019-09,78.94736842105263
brazilian jiu-jitsu,2019-10,47.36842105263158
brazilian jiu-jitsu,2019-11,57.89473684210526
brazilian jiu-jitsu,2019-12,47.36842105263158
brazilian jiu-jitsu,2020-01,57.89473684210526
brazilian jiu-jitsu,2020-02,63.1578947368421
brazilian jiu-jitsu,2020-03,52.63157894736842
brazilian jiu-jitsu,2020-04,26.31578947368421
brazilian jiu-jitsu,2020-05,31.57894736842105
brazilian jiu-jitsu,2020-06,52.63157894736842
brazilian jiu-jitsu,2020-07,57.89473684210526
brazilian jiu-jitsu,2020-08,89.47368421052632
brazilian jiu-jitsu,2020-09,89.47368421052632
brazilian jiu-jitsu,2020-10,47.36842105263158
brazilian jiu-jitsu,2020-11,57.89473684210526
brazilian jiu-jitsu,2020-12,36.8421052631579
brazilian jiu-jitsu,2021-01,68.42105263157895
brazilian jiu-jitsu,2021-02,26.31578947368421
brazilian jiu-jitsu,2021-03,73.6842105263158
brazilian jiu-jitsu,2021-04,52.63157894736842
brazilian jiu-jitsu,2021-05,42.10526315789474
brazilian jiu-jitsu,2021-06,47.36842105263158
brazilian jiu-jitsu,2021-07,100.0
brazilian jiu-jitsu,2021-08,73.6842105263158
brazilian jiu-jitsu,2021-09,52.63157894736842
brazilian jiu-jitsu,2021-10,15.789473684210526
horseback riding,2019-01,40.84507042253521
horseback riding,2019-02,42.25352112676056
horseback riding,2019-03,59.15492957746479
horseback riding,2019-04,63.38028169014085
horseback riding,2019-05,64.78873239436619
horseback riding,2019-06,77.46478873239437
horseback riding,2019-07,87.32394366197182
horseback riding,2019-08,76.05633802816901
horseback riding,2019-09,59.15492957746479
horseback riding,2019-10,47.88732394366197
horseback riding,2019-11,39.436619718309856
horseback riding,2019-12,33.80281690140845
horseback riding,2020-01,40.84507042253521
horseback riding,2020-02,42.25352112676056
horseback riding,2020-03,29.577464788732396
horseback riding,2020-04,19.718309859154928
horseback riding,2020-05,40.84507042253521
horseback riding,2020-06,81.69014084507042
horseback riding,2020-07,90.14084507042253
horseback riding,2020-08,90.14084507042253
horseback riding,2020-09,78.87323943661971
horseback riding,2020-10,70.4225352112676
horseback riding,2020-11,47.88732394366197
horseback riding,2020-12,43.66197183098591
horseback riding,2021-01,47.88732394366197
horseback riding,2021-02,49.29577464788732
horseback riding,2021-03,76.05633802816901
horseback riding,2021-04,80.28169014084507
horseback riding,2021-05,84.50704225352112
horseback riding,2021-06,94.36619718309859
horseback riding,2021-07,100.0
horseback riding,2021-08,78.87323943661971
horseback riding,2021-09,63.38028169014085
horseback riding,2021-10,69.01408450704226
woodworking,2019-01,82.75862068965517
woodworking,2019-02,72.41379310344827
woodworking,2019-03,68.96551724137932
woodworking,2019-04,62.06896551724138
woodworking,2019-05,58.62068965517241
woodworking,2019-06,58.62068965517241
woodworking,2019-07,58.62068965517241
woodworking,2019-08,62.06896551724138
woodworking,2019-09,58.62068965517241
woodworking,2019-10,58.62068965517241
woodworking,2019-11,65.51724137931035
woodworking,2019-12,82.75862068965517
woodworking,2020-01,82.75862068965517
woodworking,2020-02,72.41379310344827
woodworking,2020-03,65.51724137931035
woodworking,2020-04,82.75862068965517
woodworking,2020-05,79.3103448275862
woodworking,2020-06,72.41379310344827
woodworking,2020-07,68.96551724137932
woodworking,2020-08,68.96551724137932
woodworking,2020-09,68.96551724137932
woodworking,2020-10,72.41379310344827
woodworking,2020-11,82.75862068965517
woodworking,2020-12,100.0
woodworking,2021-01,86.20689655172414
woodworking,2021-02,75.86206896551724
woodworking,2021-03,72.41379310344827
woodworking,2021-04,65.51724137931035
woodworking,2021-05,65.51724137931035
woodworking,2021-06,58.62068965517241
woodworking,2021-07,58.62068965517241
woodworking,2021-08,62.06896551724138
woodworking,2021-09,65.51724137931035
woodworking,2021-10,58.62068965517241
winemaking,2019-01,75.0
winemaking,2019-02,50.0
winemaking,2019-03,37.5
winemaking,2019-04,62.5
winemaking,2019-05,56.25
winemaking,2019-06,56.25
winemaking,2019-07,68.75
winemaking,2019-08,75.0
winemaking,2019-09,100.0
winemaking,2019-10,81.25
winemaking,2019-11,62.5
winemaking,2019-12,43.75
winemaking,2020-01,56.25
winemaking,2020-02,56.25
winemaking,2020-03,50.0
winemaking,2020-04,56.25
winemaking,2020-05,56.25
winemaking,2020-06,62.5
winemaking,2020-07,75.0
winemaking,2020-08,75.0
winemaking,2020-09,93.75
winemaking,2020-10,68.75
winemaking,2020-11,62.5
winemaking,2020-12,75.0
winemaking,2021-01,75.0
winemaking,2021-02,43.75
winemaking,2021-03,56.25
winemaking,2021-04,37.5
winemaking,2021-05,68.75
winemaking,2021-06,93.75
winemaking,2021-07,56.25
winemaking,2021-08,68.75
winemaking,2021-09,75.0
winemaking,2021-10,56.25
survivalism,2019-01,50.0
survivalism,2019-02,50.0
survivalism,2019-03,0.0
survivalism,2019-04,50.0
survivalism,2019-05,100.0
survivalism,2019-06,100.0
survivalism,2019-07,100.0
survivalism,2019-08,0.0
survivalism,2019-09,0.0
survivalism,2019-10,100.0
survivalism,2019-11,50.0
survivalism,2019-12,50.0
survivalism,2020-01,50.0
survivalism,2020-02,0.0
survivalism,2020-03,50.0
survivalism,2020-04,100.0
survivalism,2020-05,100.0
survivalism,2020-06,100.0
survivalism,2020-07,50.0
survivalism,2020-08,50.0
survivalism,2020-09,100.0
survivalism,2020-10,0.0
survivalism,2020-11,100.0
survivalism,2020-12,100.0
survivalism,2021-01,100.0
survivalism,2021-02,50.0
survivalism,2021-03,100.0
survivalism,2021-04,50.0
survivalism,2021-05,0.0
survivalism,2021-06,0.0
survivalism,2021-07,50.0
survivalism,2021-08,0.0
survivalism,2021-09,0.0
survivalism,2021-10,50.0
do it yourself,2019-01,73.33333333333333
do it yourself,2019-02,80.0
do it yourself,2019-03,80.0
do it yourself,2019-04,80.0
do it yourself,2019-05,86.66666666666667
do it yourself,2019-06,86.66666666666667
do it yourself,2019-07,80.0
do it yourself,2019-08,73.33333333333333
do it yourself,2019-09,73.33333333333333
do it yourself,2019-10,86.66666666666667
do it yourself,2019-11,80.0
do it yourself,2019-12,66.66666666666667
do it yourself,2020-01,73.33333333333333
do it yourself,2020-02,73.33333333333333
do it yourself,2020-03,80.0
do it yourself,2020-04,100.0
do it yourself,2020-05,100.0
do it yourself,2020-06,86.66666666666667
do it yourself,2020-07,80.0
do it yourself,2020-08,80.0
do it yourself,2020-09,73.33333333333333
do it yourself,2020-10,80.0
do it yourself,2020-11,66.66666666666667
do it yourself,2020-12,66.66666666666667
do it yourself,2021-01,66.66666666666667
do it yourself,2021-02,73.33333333333333
do it yourself,2021-03,80.0
do it yourself,2021-04,73.33333333333333
do it yourself,2021-05,80.0
do it yourself,2021-06,66.66666666666667
do it yourself,2021-07,66.66666666666667
do it yourself,2021-08,66.66666666666667
do it yourself,2021-09,66.66666666666667
do it yourself,2021-10,80.0
binge-watching,2019-01,19.0
binge-watching,2019-02,30.0
binge-watching,2019-03,19.0
binge-watching,2019-04,0.0
binge-watching,2019-05,10.0
binge-watching,2019-06,30.0
binge-watching,2019-07,0.0
binge-watching,2019-08,10.0
binge-watching,2019-09,28.0
binge-watching,2019-10,18.0
binge-watching,2019-11,9.0
binge-watching,2019-12,9.0
binge-watching,2020-01,43.0
binge-watching,2020-02,0.0
binge-watching,2020-03,31.0
binge-watching,2020-04,100.0
binge-watching,2020-05,31.0
binge-watching,2020-06,16.0
binge-watching,2020-07,25.0
binge-watching,2020-08,58.0
binge-watching,2020-09,16.0
binge-watching,2020-10,36.0
binge-watching,2020-11,36.0
binge-watching,2020-12,55.0
binge-watching,2021-01,71.0
binge-watching,2021-02,20.0
binge-watching,2021-03,27.0
binge-watching,2021-04,57.0
binge-watching,2021-05,47.0
binge-watching,2021-06,19.0
binge-watching,2021-07,19.0
binge-watching,2021-08,38.0
binge-watching,2021-09,10.0
binge-watching,2021-10,0.0
jewelry making,2019-01,81.81818181818181
jewelry making,2019-02,75.0
jewelry making,2019-03,68.18181818181819
jewelry making,2019-04,54.54545454545455
jewelry making,2019-05,70.45454545454545
jewelry making,2019-06,84.0909090909091
jewelry making,2019-07,77.27272727272727
jewelry making,2019-08,77.27272727272727
jewelry making,2019-09,81.81818181818181
jewelry making,2019-10,72.72727272727273
jewelry making,2019-11,79.54545454545455
jewelry making,2019-12,95.45454545454545
jewelry making,2020-01,86.36363636363636
jewelry making,2020-02,81.81818181818181
jewelry making,2020-03,65.9090909090909
jewelry making,2020-04,77.27272727272727
jewelry making,2020-05,81.81818181818181
jewelry making,2020-06,75.0
jewelry making,2020-07,100.0
jewelry making,2020-08,95.45454545454545
jewelry making,2020-09,68.18181818181819
jewelry making,2020-10,84.0909090909091
jewelry making,2020-11,86.36363636363636
jewelry making,2020-12,97.72727272727273
jewelry making,2021-01,84.0909090909091
jewelry making,2021-02,90.9090909090909
jewelry making,2021-03,77.27272727272727
jewelry making,2021-04,88.63636363636364
jewelry making,2021-05,75.0
jewelry making,2021-06,81.81818181818181
jewelry making,2021-07,88.63636363636364
jewelry making,2021-08,90.9090909090909
jewelry making,2021-09,75.0
jewelry making,2021-10,93.18181818181819
livestreaming,2019-01,54.0
livestreaming,2019-02,22.0
livestreaming,2019-03,31.0
livestreaming,2019-04,42.0
livestreaming,2019-05,26.0
livestreaming,2019-06,39.0
livestreaming,2019-07,31.0
livestreaming,2019-08,38.0
livestreaming,2019-09,26.0
livestreaming,2019-10,28.0
livestreaming,2019-11,32.0
livestreaming,2019-12,26.0
livestreaming,2020-01,34.0
livestreaming,2020-02,22.0
livestreaming,2020-03,92.0
livestreaming,2020-04,100.0
livestreaming,2020-05,91.0
livestreaming,2020-06,64.0
livestreaming,2020-07,63.0
livestreaming,2020-08,62.0
livestreaming,2020-09,52.0
livestreaming,2020-10,47.0
livestreaming,2020-11,45.0
livestreaming,2020-12,47.0
livestreaming,2021-01,34.0
livestreaming,2021-02,43.0
livestreaming,2021-03,47.0
livestreaming,2021-04,52.0
livestreaming,2021-05,50.0
livestreaming,2021-06,32.0
livestreaming,2021-07,44.0
livestreaming,2021-08,38.0
livestreaming,2021-09,42.0
livestreaming,2021-10,22.0
lace making,2019-01,63.333333333333336
lace making,2019-02,63.333333333333336
lace making,2019-03,46.666666666666664
lace making,2019-04,63.333333333333336
lace making,2019-05,66.66666666666667
lace making,2019-06,53.333333333333336
lace making,2019-07,60.0
lace making,2019-08,56.666666666666664
lace making,2019-09,50.0
lace making,2019-10,33.333333333333336
lace making,2019-11,43.333333333333336
lace making,2019-12,50.0
lace making,2020-01,70.0
lace making,2020-02,100.0
lace making,2020-03,43.333333333333336
lace making,2020-04,66.66666666666667
lace making,2020-05,56.666666666666664
lace making,2020-06,46.666666666666664
lace making,2020-07,66.66666666666667
lace making,2020-08,43.333333333333336
lace making,2020-09,76.66666666666667
lace making,2020-10,50.0
lace making,2020-11,50.0
lace making,2020-12,50.0
lace making,2021-01,63.333333333333336
lace making,2021-02,70.0
lace making,2021-03,73.33333333333333
lace making,2021-04,46.666666666666664
lace making,2021-05,26.666666666666668
lace making,2021-06,16.666666666666668
lace making,2021-07,46.666666666666664
lace making,2021-08,50.0
lace making,2021-09,50.0
lace making,2021-10,0.0
ice skating,2019-01,53.763440860215056
ice skating,2019-02,30.107526881720432
ice skating,2019-03,18.27956989247312
ice skating,2019-04,9.67741935483871
ice skating,2019-05,7.526881720430108
ice skating,2019-06,8.602150537634408
ice skating,2019-07,9.67741935483871
ice skating,2019-08,8.602150537634408
ice skating,2019-09,8.602150537634408
ice skating,2019-10,12.903225806451612
ice skating,2019-11,45.16129032258065
ice skating,2019-12,100.0
ice skating,2020-01,53.763440860215056
ice skating,2020-02,27.956989247311828
ice skating,2020-03,9.67741935483871
ice skating,2020-04,3.225806451612903
ice skating,2020-05,3.225806451612903
ice skating,2020-06,5.376344086021505
ice skating,2020-07,6.451612903225806
ice skating,2020-08,5.376344086021505
ice skating,2020-09,7.526881720430108
ice skating,2020-10,9.67741935483871
ice skating,2020-11,24.731182795698924
ice skating,2020-12,68.81720430107526
ice skating,2021-01,45.16129032258065
ice skating,2021-02,27.956989247311828
ice skating,2021-03,12.903225806451612
ice skating,2021-04,8.602150537634408
ice skating,2021-05,7.526881720430108
ice skating,2021-06,8.602150537634408
ice skating,2021-07,9.67741935483871
ice skating,2021-08,8.602150537634408
ice skating,2021-09,8.602150537634408
ice skating,2021-10,10.75268817204301
squash,2019-01,58.0
squash,2019-02,46.0
squash,2019-03,41.0
squash,2019-04,36.0
squash,2019-05,36.0
squash,2019-06,43.0
squash,2019-07,49.0
squash,2019-08,47.0
squash,2019-09,58.0
squash,2019-10,84.0
squash,2019-11,87.0
squash,2019-12,48.0
squash,2020-01,55.0
squash,2020-02,43.0
squash,2020-03,43.0
squash,2020-04,52.0
squash,2020-05,55.0
squash,2020-06,63.0
squash,2020-07,76.0
squash,2020-08,66.0
squash,2020-09,73.0
squash,2020-10,100.0
squash,2020-11,86.0
squash,2020-12,53.0
squash,2021-01,53.0
squash,2021-02,48.0
squash,2021-03,40.0
squash,2021-04,36.0
squash,2021-05,38.0
squash,2021-06,43.0
squash,2021-07,52.0
squash,2021-08,50.0
squash,2021-09,55.0
squash,2021-10,71.0
listening to music,2019-01,69.0
listening to music,2019-02,84.0
listening to music,2019-03,70.0
listening to music,2019-04,75.0
listening to music,2019-05,77.0
listening to music,2019-06,53.0
listening to music,2019-07,58.0
listening to music,2019-08,56.0
listening to music,2019-09,72.0
listening to music,2019-10,70.0
listening to music,2019-11,74.0
listening to music,2019-12,65.0
listening to music,2020-01,68.0
listening to music,2020-02,76.0
listening to music,2020-03,56.0
listening to music,2020-04,79.0
listening to music,2020-05,63.0
listening to music,2020-06,57.0
listening to music,2020-07,52.0
listening to music,2020-08,82.0
listening to music,2020-09,100.0
listening to music,2020-10,81.0
listening to music,2020-11,64.0
listening to music,2020-12,59.0
listening to music,2021-01,61.0
listening to music,2021-02,73.0
listening to music,2021-03,70.0
listening to music,2021-04,62.0
listening to music,2021-05,56.0
listening to music,2021-06,58.0
listening to music,2021-07,52.0
listening to music,2021-08,56.0
listening to music,2021-09,72.0
listening to music,2021-10,64.0
model united nations,2019-01,62.5
model united nations,2019-02,62.5
model united nations,2019-03,75.0
model united nations,2019-04,100.0
model united nations,2019-05,50.0
model united nations,2019-06,25.0
model united nations,2019-07,25.0
model united nations,2019-08,75.0
model united nations,2019-09,62.5
model united nations,2019-10,87.5
model united nations,2019-11,100.0
model united nations,2019-12,75.0
model united nations,2020-01,87.5
model united nations,2020-02,62.5
model united nations,2020-03,62.5
model united nations,2020-04,50.0
model united nations,2020-05,50.0
model united nations,2020-06,25.0
model united nations,2020-07,37.5
model united nations,2020-08,37.5
model united nations,2020-09,37.5
model united nations,2020-10,37.5
model united nations,2020-11,50.0
model united nations,2020-12,37.5
model united nations,2021-01,25.0
model united nations,2021-02,62.5
model united nations,2021-03,37.5
model united nations,2021-04,50.0
model united nations,2021-05,50.0
model united nations,2021-06,25.0
model united nations,2021-07,25.0
model united nations,2021-08,25.0
model united nations,2021-09,75.0
model united nations,2021-10,25.0
bell ringing,2019-01,65.06024096385542
bell ringing,2019-02,34.93975903614458
bell ringing,2019-03,49.397590361445786
bell ringing,2019-04,53.01204819277108
bell ringing,2019-05,65.06024096385542
bell ringing,2019-06,51.80722891566265
bell ringing,2019-07,67.46987951807229
bell ringing,2019-08,45.78313253012048
bell ringing,2019-09,61.44578313253012
bell ringing,2019-10,62.65060240963855
bell ringing,2019-11,80.72289156626506
bell ringing,2019-12,100.0
bell ringing,2020-01,59.036144578313255
bell ringing,2020-02,60.24096385542169
bell ringing,2020-03,56.626506024096386
bell ringing,2020-04,74.6987951807229
bell ringing,2020-05,57.83132530120482
bell ringing,2020-06,50.602409638554214
bell ringing,2020-07,51.80722891566265
bell ringing,2020-08,48.19277108433735
bell ringing,2020-09,51.80722891566265
bell ringing,2020-10,61.44578313253012
bell ringing,2020-11,63.855421686746986
bell ringing,2020-12,96.3855421686747
bell ringing,2021-01,57.83132530120482
bell ringing,2021-02,42.16867469879518
bell ringing,2021-03,49.397590361445786
bell ringing,2021-04,36.144578313253014
bell ringing,2021-05,46.98795180722892
bell ringing,2021-06,50.602409638554214
bell ringing,2021-07,45.78313253012048
bell ringing,2021-08,39.75903614457831
bell ringing,2021-09,44.57831325301205
bell ringing,2021-10,91.56626506024097
lock picking,2019-01,58.333333333333336
lock picking,2019-02,79.16666666666667
lock picking,2019-03,70.83333333333333
lock picking,2019-04,58.333333333333336
lock picking,2019-05,75.0
lock picking,2019-06,58.333333333333336
lock picking,2019-07,75.0
lock picking,2019-08,58.333333333333336
lock picking,2019-09,62.5
lock picking,2019-10,75.0
lock picking,2019-11,100.0
lock picking,2019-12,75.0
lock picking,2020-01,58.333333333333336
lock picking,2020-02,58.333333333333336
lock picking,2020-03,66.66666666666667
lock picking,2020-04,79.16666666666667
lock picking,2020-05,79.16666666666667
lock picking,2020-06,87.5
lock picking,2020-07,66.66666666666667
lock picking,2020-08,87.5
lock picking,2020-09,66.66666666666667
lock picking,2020-10,75.0
lock picking,2020-11,66.66666666666667
lock picking,2020-12,91.66666666666667
lock picking,2021-01,70.83333333333333
lock picking,2021-02,58.333333333333336
lock picking,2021-03,45.833333333333336
lock picking,2021-04,58.333333333333336
lock picking,2021-05,70.83333333333333
lock picking,2021-06,79.16666666666667
lock picking,2021-07,87.5
lock picking,2021-08,66.66666666666667
lock picking,2021-09,91.66666666666667
lock picking,2021-10,87.5
cross-stitch,2019-01,28.571428571428573
cross-stitch,2019-02,85.71428571428571
cross-stitch,2019-03,42.857142857142854
cross-stitch,2019-04,42.857142857142854
cross-stitch,2019-05,57.142857142857146
cross-stitch,2019-06,57.142857142857146
cross-stitch,2019-07,28.571428571428573
cross-stitch,2019-08,14.285714285714286
cross-stitch,2019-09,57.142857142857146
cross-stitch,2019-10,71.42857142857143
cross-stitch,2019-11,71.42857142857143
cross-stitch,2019-12,85.71428571428571
cross-stitch,2020-01,71.42857142857143
cross-stitch,2020-02,42.857142857142854
cross-stitch,2020-03,57.142857142857146
cross-stitch,2020-04,85.71428571428571
cross-stitch,2020-05,71.42857142857143
cross-stitch,2020-06,100.0
cross-stitch,2020-07,85.71428571428571
cross-stitch,2020-08,71.42857142857143
cross-stitch,2020-09,57.142857142857146
cross-stitch,2020-10,57.142857142857146
cross-stitch,2020-11,42.857142857142854
cross-stitch,2020-12,71.42857142857143
cross-stitch,2021-01,42.857142857142854
cross-stitch,2021-02,14.285714285714286
cross-stitch,2021-03,57.142857142857146
cross-stitch,2021-04,71.42857142857143
cross-stitch,2021-05,42.857142857142854
cross-stitch,2021-06,28.571428571428573
cross-stitch,2021-07,28.571428571428573
cross-stitch,2021-08,28.571428571428573
cross-stitch,2021-09,57.142857142857146
cross-stitch,2021-10,0.0
polo,2019-01,56.626506024096386
polo,2019-02,55.42168674698795
polo,2019-03,57.83132530120482
polo,2019-04,59.036144578313255
polo,2019-05,63.855421686746986
polo,2019-06,68.67469879518072
polo,2019-07,73.49397590361446
polo,2019-08,71.08433734939759
polo,2019-09,69.87951807228916
polo,2019-10,66.26506024096386
polo,2019-11,77.10843373493977
polo,2019-12,85.5421686746988
polo,2020-01,59.036144578313255
polo,2020-02,60.24096385542169
polo,2020-03,50.602409638554214
polo,2020-04,49.397590361445786
polo,2020-05,63.855421686746986
polo,2020-06,75.90361445783132
polo,2020-07,72.28915662650603
polo,2020-08,67.46987951807229
polo,2020-09,66.26506024096386
polo,2020-10,63.855421686746986
polo,2020-11,72.28915662650603
polo,2020-12,78.3132530120482
polo,2021-01,59.036144578313255
polo,2021-02,60.24096385542169
polo,2021-03,69.87951807228916
polo,2021-04,81.92771084337349
polo,2021-05,78.3132530120482
polo,2021-06,100.0
polo,2021-07,97.59036144578313
polo,2021-08,96.3855421686747
polo,2021-09,77.10843373493977
polo,2021-10,80.72289156626506
powerlifting,2019-01,91.48936170212765
powerlifting,2019-02,100.0
powerlifting,2019-03,95.74468085106383
powerlifting,2019-04,75.53191489361703
powerlifting,2019-05,72.34042553191489
powerlifting,2019-06,73.40425531914893
powerlifting,2019-07,69.14893617021276
powerlifting,2019-08,75.53191489361703
powerlifting,2019-09,70.2127659574468
powerlifting,2019-10,75.53191489361703
powerlifting,2019-11,70.2127659574468
powerlifting,2019-12,77.65957446808511
powerlifting,2020-01,82.97872340425532
powerlifting,2020-02,90.42553191489361
powerlifting,2020-03,62.765957446808514
powerlifting,2020-04,40.42553191489362
powerlifting,2020-05,44.680851063829785
powerlifting,2020-06,44.680851063829785
powerlifting,2020-07,55.319148936170215
powerlifting,2020-08,53.191489361702125
powerlifting,2020-09,53.191489361702125
powerlifting,2020-10,52.12765957446808
powerlifting,2020-11,51.06382978723404
powerlifting,2020-12,60.638297872340424
powerlifting,2021-01,64.8936170212766
powerlifting,2021-02,65.95744680851064
powerlifting,2021-03,61.702127659574465
powerlifting,2021-04,61.702127659574465
powerlifting,2021-05,61.702127659574465
powerlifting,2021-06,65.95744680851064
powerlifting,2021-07,64.8936170212766
powerlifting,2021-08,70.2127659574468
powerlifting,2021-09,59.57446808510638
powerlifting,2021-10,61.702127659574465
composting,2019-01,53.333333333333336
composting,2019-02,56.666666666666664
composting,2019-03,63.333333333333336
composting,2019-04,90.0
composting,2019-05,100.0
composting,2019-06,70.0
composting,2019-07,56.666666666666664
composting,2019-08,61.666666666666664
composting,2019-09,61.666666666666664
composting,2019-10,61.666666666666664
composting,2019-11,53.333333333333336
composting,2019-12,48.333333333333336
composting,2020-01,63.333333333333336
composting,2020-02,58.333333333333336
composting,2020-03,70.0
composting,2020-04,91.66666666666667
composting,2020-05,98.33333333333333
composting,2020-06,78.33333333333333
composting,2020-07,78.33333333333333
composting,2020-08,68.33333333333333
composting,2020-09,60.0
composting,2020-10,53.333333333333336
composting,2020-11,48.333333333333336
composting,2020-12,46.666666666666664
composting,2021-01,56.666666666666664
composting,2021-02,58.333333333333336
composting,2021-03,63.333333333333336
composting,2021-04,76.66666666666667
composting,2021-05,71.66666666666667
composting,2021-06,58.333333333333336
composting,2021-07,46.666666666666664
composting,2021-08,51.666666666666664
composting,2021-09,51.666666666666664
composting,2021-10,41.666666666666664
safari,2019-01,73.13432835820896
safari,2019-02,68.65671641791045
safari,2019-03,76.11940298507463
safari,2019-04,77.61194029850746
safari,2019-05,79.1044776119403
safari,2019-06,83.58208955223881
safari,2019-07,88.05970149253731
safari,2019-08,83.58208955223881
safari,2019-09,77.61194029850746
safari,2019-10,74.6268656716418
safari,2019-11,70.14925373134328
safari,2019-12,70.14925373134328
safari,2020-01,74.6268656716418
safari,2020-02,73.13432835820896
safari,2020-03,77.61194029850746
safari,2020-04,79.1044776119403
safari,2020-05,91.04477611940298
safari,2020-06,97.01492537313433
safari,2020-07,100.0
safari,2020-08,94.02985074626865
safari,2020-09,88.05970149253731
safari,2020-10,76.11940298507463
safari,2020-11,65.67164179104478
safari,2020-12,64.17910447761194
safari,2021-01,68.65671641791045
safari,2021-02,71.64179104477611
safari,2021-03,79.1044776119403
safari,2021-04,80.59701492537313
safari,2021-05,86.56716417910448
safari,2021-06,86.56716417910448
safari,2021-07,95.5223880597015
safari,2021-08,85.07462686567165
safari,2021-09,85.07462686567165
safari,2021-10,86.56716417910448
esports,2019-01,66.66666666666667
esports,2019-02,75.64102564102564
esports,2019-03,79.48717948717949
esports,2019-04,67.94871794871794
esports,2019-05,74.35897435897436
esports,2019-06,67.94871794871794
esports,2019-07,71.7948717948718
esports,2019-08,74.35897435897436
esports,2019-09,80.76923076923077
esports,2019-10,100.0
esports,2019-11,80.76923076923077
esports,2019-12,67.94871794871794
esports,2020-01,74.35897435897436
esports,2020-02,89.74358974358974
esports,2020-03,78.2051282051282
esports,2020-04,82.05128205128206
esports,2020-05,70.51282051282051
esports,2020-06,73.07692307692308
esports,2020-07,87.17948717948718
esports,2020-08,70.51282051282051
esports,2020-09,84.61538461538461
esports,2020-10,98.71794871794872
esports,2020-11,53.84615384615385
esports,2020-12,58.97435897435897
esports,2021-01,65.38461538461539
esports,2021-02,83.33333333333333
esports,2021-03,76.92307692307692
esports,2021-04,73.07692307692308
esports,2021-05,71.7948717948718
esports,2021-06,65.38461538461539
esports,2021-07,66.66666666666667
esports,2021-08,67.94871794871794
esports,2021-09,69.23076923076923
esports,2021-10,80.76923076923077
mineral collecting,2019-01,50.0
mineral collecting,2019-02,50.0
mineral collecting,2019-03,0.0
mineral collecting,2019-04,0.0
mineral collecting,2019-05,50.0
mineral collecting,2019-06,50.0
mineral collecting,2019-07,35.714285714285715
mineral collecting,2019-08,0.0
mineral collecting,2019-09,28.571428571428573
mineral collecting,2019-10,57.142857142857146
mineral collecting,2019-11,64.28571428571429
mineral collecting,2019-12,14.285714285714286
mineral collecting,2020-01,14.285714285714286
mineral collecting,2020-02,14.285714285714286
mineral collecting,2020-03,14.285714285714286
mineral collecting,2020-04,35.714285714285715
mineral collecting,2020-05,100.0
mineral collecting,2020-06,42.857142857142854
mineral collecting,2020-07,42.857142857142854
mineral collecting,2020-08,57.142857142857146
mineral collecting,2020-09,42.857142857142854
mineral collecting,2020-10,0.0
mineral collecting,2020-11,14.285714285714286
mineral collecting,2020-12,28.571428571428573
mineral collecting,2021-01,28.571428571428573
mineral collecting,2021-02,35.714285714285715
mineral collecting,2021-03,14.285714285714286
mineral collecting,2021-04,14.285714285714286
mineral collecting,2021-05,64.28571428571429
mineral collecting,2021-06,64.28571428571429
mineral collecting,2021-07,28.571428571428573
mineral collecting,2021-08,0.0
mineral collecting,2021-09,14.285714285714286
mineral collecting,2021-10,57.142857142857146
quizzes,2019-01,81.08108108108108
quizzes,2019-02,89.1891891891892
quizzes,2019-03,89.1891891891892
quizzes,2019-04,94.5945945945946
quizzes,2019-05,100.0
quizzes,2019-06,64.86486486486487
quizzes,2019-07,51.351351351351354
quizzes,2019-08,70.27027027027027
quizzes,2019-09,100.0
quizzes,2019-10,100.0
quizzes,2019-11,89.1891891891892
quizzes,2019-12,89.1891891891892
quizzes,2020-01,89.1891891891892
quizzes,2020-02,94.5945945945946
quizzes,2020-03,86.48648648648648
quizzes,2020-04,81.08108108108108
quizzes,2020-05,62.16216216216216
quizzes,2020-06,48.648648648648646
quizzes,2020-07,45.945945945945944
quizzes,2020-08,56.75675675675676
quizzes,2020-09,94.5945945945946
quizzes,2020-10,67.56756756756756
quizzes,2020-11,51.351351351351354
quizzes,2020-12,48.648648648648646
quizzes,2021-01,54.054054054054056
quizzes,2021-02,51.351351351351354
quizzes,2021-03,51.351351351351354
quizzes,2021-04,51.351351351351354
quizzes,2021-05,45.945945945945944
quizzes,2021-06,35.13513513513514
quizzes,2021-07,29.72972972972973
quizzes,2021-08,35.13513513513514
quizzes,2021-09,48.648648648648646
quizzes,2021-10,43.24324324324324
research,2019-01,93.75
research,2019-02,100.0
research,2019-03,93.75
research,2019-04,96.875
research,2019-05,78.125
research,2019-06,75.0
research,2019-07,71.875
research,2019-08,75.0
research,2019-09,100.0
research,2019-10,96.875
research,2019-11,87.5
research,2019-12,68.75
research,2020-01,84.375
research,2020-02,96.875
research,2020-03,84.375
research,2020-04,84.375
research,2020-05,75.0
research,2020-06,68.75
research,2020-07,71.875
research,2020-08,71.875
research,2020-09,96.875
research,2020-10,81.25
research,2020-11,71.875
research,2020-12,62.5
research,2021-01,65.625
research,2021-02,75.0
research,2021-03,71.875
research,2021-04,75.0
research,2021-05,68.75
research,2021-06,59.375
research,2021-07,56.25
research,2021-08,59.375
research,2021-09,81.25
research,2021-10,78.125
watching movies,2019-01,84.61538461538461
watching movies,2019-02,69.23076923076923
watching movies,2019-03,76.92307692307692
watching movies,2019-04,76.92307692307692
watching movies,2019-05,69.23076923076923
watching movies,2019-06,53.84615384615385
watching movies,2019-07,69.23076923076923
watching movies,2019-08,61.53846153846154
watching movies,2019-09,76.92307692307692
watching movies,2019-10,76.92307692307692
watching movies,2019-11,92.3076923076923
watching movies,2019-12,92.3076923076923
watching movies,2020-01,84.61538461538461
watching movies,2020-02,69.23076923076923
watching movies,2020-03,84.61538461538461
watching movies,2020-04,100.0
watching movies,2020-05,84.61538461538461
watching movies,2020-06,84.61538461538461
watching movies,2020-07,76.92307692307692
watching movies,2020-08,76.92307692307692
watching movies,2020-09,84.61538461538461
watching movies,2020-10,84.61538461538461
watching movies,2020-11,84.61538461538461
watching movies,2020-12,84.61538461538461
watching movies,2021-01,76.92307692307692
watching movies,2021-02,84.61538461538461
watching movies,2021-03,61.53846153846154
watching movies,2021-04,76.92307692307692
watching movies,2021-05,61.53846153846154
watching movies,2021-06,76.92307692307692
watching movies,2021-07,84.61538461538461
watching movies,2021-08,76.92307692307692
watching movies,2021-09,92.3076923076923
watching movies,2021-10,69.23076923076923
zoo visiting,2019-01,50.0
zoo visiting,2019-02,54.166666666666664
zoo visiting,2019-03,41.666666666666664
zoo visiting,2019-04,83.33333333333333
zoo visiting,2019-05,70.83333333333333
zoo visiting,2019-06,62.5
zoo visiting,2019-07,75.0
zoo visiting,2019-08,8.333333333333334
zoo visiting,2019-09,20.833333333333332
zoo visiting,2019-10,20.833333333333332
zoo visiting,2019-11,95.83333333333333
zoo visiting,2019-12,50.0
zoo visiting,2020-01,37.5
zoo visiting,2020-02,58.333333333333336
zoo visiting,2020-03,91.66666666666667
zoo visiting,2020-04,41.666666666666664
zoo visiting,2020-05,25.0
zoo visiting,2020-06,0.0
zoo visiting,2020-07,54.166666666666664
zoo visiting,2020-08,70.83333333333333
zoo visiting,2020-09,70.83333333333333
zoo visiting,2020-10,50.0
zoo visiting,2020-11,37.5
zoo visiting,2020-12,0.0
zoo visiting,2021-01,37.5
zoo visiting,2021-02,20.833333333333332
zoo visiting,2021-03,83.33333333333333
zoo visiting,2021-04,29.166666666666668
zoo visiting,2021-05,79.16666666666667
zoo visiting,2021-06,91.66666666666667
zoo visiting,2021-07,100.0
zoo visiting,2021-08,83.33333333333333
zoo visiting,2021-09,33.333333333333336
zoo visiting,2021-10,70.83333333333333
skateboarding,2019-01,15.0
skateboarding,2019-02,15.0
skateboarding,2019-03,16.666666666666668
skateboarding,2019-04,18.333333333333332
skateboarding,2019-05,16.666666666666668
skateboarding,2019-06,16.666666666666668
skateboarding,2019-07,16.666666666666668
skateboarding,2019-08,16.666666666666668
skateboarding,2019-09,16.666666666666668
skateboarding,2019-10,15.0
skateboarding,2019-11,16.666666666666668
skateboarding,2019-12,15.0
skateboarding,2020-01,16.666666666666668
skateboarding,2020-02,18.333333333333332
skateboarding,2020-03,16.666666666666668
skateboarding,2020-04,20.0
skateboarding,2020-05,23.333333333333332
skateboarding,2020-06,25.0
skateboarding,2020-07,23.333333333333332
skateboarding,2020-08,21.666666666666668
skateboarding,2020-09,26.666666666666668
skateboarding,2020-10,23.333333333333332
skateboarding,2020-11,18.333333333333332
skateboarding,2020-12,18.333333333333332
skateboarding,2021-01,16.666666666666668
skateboarding,2021-02,15.0
skateboarding,2021-03,16.666666666666668
skateboarding,2021-04,18.333333333333332
skateboarding,2021-05,16.666666666666668
skateboarding,2021-06,18.333333333333332
skateboarding,2021-07,100.0
skateboarding,2021-08,41.666666666666664
skateboarding,2021-09,15.0
skateboarding,2021-10,16.666666666666668
herbalism,2019-01,33.333333333333336
herbalism,2019-02,38.095238095238095
herbalism,2019-03,33.333333333333336
herbalism,2019-04,38.095238095238095
herbalism,2019-05,42.857142857142854
herbalism,2019-06,42.857142857142854
herbalism,2019-07,33.333333333333336
herbalism,2019-08,57.142857142857146
herbalism,2019-09,100.0
herbalism,2019-10,80.95238095238095
herbalism,2019-11,61.904761904761905
herbalism,2019-12,57.142857142857146
herbalism,2020-01,66.66666666666667
herbalism,2020-02,66.66666666666667
herbalism,2020-03,52.38095238095238
herbalism,2020-04,85.71428571428571
herbalism,2020-05,66.66666666666667
herbalism,2020-06,71.42857142857143
herbalism,2020-07,66.66666666666667
herbalism,2020-08,66.66666666666667
herbalism,2020-09,57.142857142857146
herbalism,2020-10,38.095238095238095
herbalism,2020-11,47.61904761904762
herbalism,2020-12,57.142857142857146
herbalism,2021-01,47.61904761904762
herbalism,2021-02,52.38095238095238
herbalism,2021-03,42.857142857142854
herbalism,2021-04,38.095238095238095
herbalism,2021-05,47.61904761904762
herbalism,2021-06,66.66666666666667
herbalism,2021-07,42.857142857142854
herbalism,2021-08,38.095238095238095
herbalism,2021-09,38.095238095238095
herbalism,2021-10,28.571428571428573
frisbee,2019-01,51.515151515151516
frisbee,2019-02,57.57575757575758
frisbee,2019-03,75.75757575757575
frisbee,2019-04,93.93939393939394
frisbee,2019-05,96.96969696969697
frisbee,2019-06,100.0
frisbee,2019-07,84.84848484848484
frisbee,2019-08,90.9090909090909
frisbee,2019-09,84.84848484848484
frisbee,2019-10,69.6969696969697
frisbee,2019-11,54.54545454545455
frisbee,2019-12,48.484848484848484
frisbee,2020-01,60.60606060606061
frisbee,2020-02,60.60606060606061
frisbee,2020-03,63.63636363636363
frisbee,2020-04,78.78787878787878
frisbee,2020-05,93.93939393939394
frisbee,2020-06,90.9090909090909
frisbee,2020-07,84.84848484848484
frisbee,2020-08,78.78787878787878
frisbee,2020-09,81.81818181818181
frisbee,2020-10,66.66666666666667
frisbee,2020-11,57.57575757575758
frisbee,2020-12,51.515151515151516
frisbee,2021-01,48.484848484848484
frisbee,2021-02,51.515151515151516
frisbee,2021-03,69.6969696969697
frisbee,2021-04,75.75757575757575
frisbee,2021-05,90.9090909090909
frisbee,2021-06,93.93939393939394
frisbee,2021-07,84.84848484848484
frisbee,2021-08,78.78787878787878
frisbee,2021-09,72.72727272727273
frisbee,2021-10,60.60606060606061
storm chasing,2019-01,20.37037037037037
storm chasing,2019-02,27.77777777777778
storm chasing,2019-03,40.74074074074074
storm chasing,2019-04,51.851851851851855
storm chasing,2019-05,100.0
storm chasing,2019-06,40.74074074074074
storm chasing,2019-07,27.77777777777778
storm chasing,2019-08,25.925925925925927
storm chasing,2019-09,20.37037037037037
storm chasing,2019-10,12.962962962962964
storm chasing,2019-11,14.814814814814815
storm chasing,2019-12,18.51851851851852
storm chasing,2020-01,27.77777777777778
storm chasing,2020-02,22.22222222222222
storm chasing,2020-03,37.03703703703704
storm chasing,2020-04,51.851851851851855
storm chasing,2020-05,46.2962962962963
storm chasing,2020-06,35.18518518518518
storm chasing,2020-07,18.51851851851852
storm chasing,2020-08,35.18518518518518
storm chasing,2020-09,22.22222222222222
storm chasing,2020-10,24.074074074074073
storm chasing,2020-11,16.666666666666668
storm chasing,2020-12,20.37037037037037
storm chasing,2021-01,18.51851851851852
storm chasing,2021-02,20.37037037037037
storm chasing,2021-03,53.7037037037037
storm chasing,2021-04,35.18518518518518
storm chasing,2021-05,53.7037037037037
storm chasing,2021-06,35.18518518518518
storm chasing,2021-07,24.074074074074073
storm chasing,2021-08,27.77777777777778
storm chasing,2021-09,18.51851851851852
storm chasing,2021-10,33.333333333333336
aquascaping,2019-01,65.85365853658537
aquascaping,2019-02,100.0
aquascaping,2019-03,73.17073170731707
aquascaping,2019-04,78.04878048780488
aquascaping,2019-05,92.6829268292683
aquascaping,2019-06,87.8048780487805
aquascaping,2019-07,51.21951219512195
aquascaping,2019-08,51.21951219512195
aquascaping,2019-09,68.29268292682927
aquascaping,2019-10,51.21951219512195
aquascaping,2019-11,70.73170731707317
aquascaping,2019-12,82.92682926829268
aquascaping,2020-01,78.04878048780488
aquascaping,2020-02,70.73170731707317
aquascaping,2020-03,65.85365853658537
aquascaping,2020-04,53.65853658536585
aquascaping,2020-05,80.48780487804878
aquascaping,2020-06,73.17073170731707
aquascaping,2020-07,70.73170731707317
aquascaping,2020-08,65.85365853658537
aquascaping,2020-09,68.29268292682927
aquascaping,2020-10,31.70731707317073
aquascaping,2020-11,65.85365853658537
aquascaping,2020-12,51.21951219512195
aquascaping,2021-01,73.17073170731707
aquascaping,2021-02,82.92682926829268
aquascaping,2021-03,53.65853658536585
aquascaping,2021-04,73.17073170731707
aquascaping,2021-05,48.78048780487805
aquascaping,2021-06,41.46341463414634
aquascaping,2021-07,41.46341463414634
aquascaping,2021-08,92.6829268292683
aquascaping,2021-09,56.09756097560975
aquascaping,2021-10,43.90243902439025
video game developing,2019-01,83.33333333333333
video game developing,2019-02,0.0
video game developing,2019-03,50.0
video game developing,2019-04,83.33333333333333
video game developing,2019-05,83.33333333333333
video game developing,2019-06,0.0
video game developing,2019-07,25.0
video game developing,2019-08,0.0
video game developing,2019-09,75.0
video game developing,2019-10,100.0
video game developing,2019-11,25.0
video game developing,2019-12,50.0
video game developing,2020-01,0.0
video game developing,2020-02,25.0
video game developing,2020-03,66.66666666666667
video game developing,2020-04,66.66666666666667
video game developing,2020-05,83.33333333333333
video game developing,2020-06,25.0
video game developing,2020-07,50.0
video game developing,2020-08,50.0
video game developing,2020-09,25.0
video game developing,2020-10,25.0
video game developing,2020-11,0.0
video game developing,2020-12,0.0
video game developing,2021-01,0.0
video game developing,2021-02,58.333333333333336
video game developing,2021-03,0.0
video game developing,2021-04,50.0
video game developing,2021-05,83.33333333333333
video game developing,2021-06,0.0
video game developing,2021-07,25.0
video game developing,2021-08,50.0
video game developing,2021-09,25.0
video game developing,2021-10,91.66666666666667
rugby league football,2019-01,28.571428571428573
rugby league football,2019-02,78.57142857142857
rugby league football,2019-03,78.57142857142857
rugby league football,2019-04,50.0
rugby league football,2019-05,64.28571428571429
rugby league football,2019-06,14.285714285714286
rugby league football,2019-07,35.714285714285715
rugby league football,2019-08,50.0
rugby league football,2019-09,92.85714285714286
rugby league football,2019-10,57.142857142857146
rugby league football,2019-11,57.142857142857146
rugby league football,2019-12,14.285714285714286
rugby league football,2020-01,28.571428571428573
rugby league football,2020-02,71.42857142857143
rugby league football,2020-03,100.0
rugby league football,2020-04,0.0
rugby league football,2020-05,0.0
rugby league football,2020-06,50.0
rugby league football,2020-07,71.42857142857143
rugby league football,2020-08,57.142857142857146
rugby league football,2020-09,42.857142857142854
rugby league football,2020-10,42.857142857142854
rugby league football,2020-11,28.571428571428573
rugby league football,2020-12,42.857142857142854
rugby league football,2021-01,0.0
rugby league football,2021-02,35.714285714285715
rugby league football,2021-03,14.285714285714286
rugby league football,2021-04,14.285714285714286
rugby league football,2021-05,64.28571428571429
rugby league football,2021-06,14.285714285714286
rugby league football,2021-07,0.0
rugby league football,2021-08,50.0
rugby league football,2021-09,14.285714285714286
rugby league football,2021-10,57.142857142857146
jujitsu,2019-01,53.125
jujitsu,2019-02,53.125
jujitsu,2019-03,46.875
jujitsu,2019-04,50.0
jujitsu,2019-05,43.75
jujitsu,2019-06,50.0
jujitsu,2019-07,40.625
jujitsu,2019-08,56.25
jujitsu,2019-09,46.875
jujitsu,2019-10,43.75
jujitsu,2019-11,43.75
jujitsu,2019-12,43.75
jujitsu,2020-01,53.125
jujitsu,2020-02,56.25
jujitsu,2020-03,34.375
jujitsu,2020-04,25.0
jujitsu,2020-05,25.0
jujitsu,2020-06,34.375
jujitsu,2020-07,40.625
jujitsu,2020-08,34.375
jujitsu,2020-09,40.625
jujitsu,2020-10,50.0
jujitsu,2020-11,56.25
jujitsu,2020-12,56.25
jujitsu,2021-01,75.0
jujitsu,2021-02,87.5
jujitsu,2021-03,93.75
jujitsu,2021-04,100.0
jujitsu,2021-05,78.125
jujitsu,2021-06,87.5
jujitsu,2021-07,84.375
jujitsu,2021-08,81.25
jujitsu,2021-09,81.25
jujitsu,2021-10,75.0
videography,2019-01,92.6829268292683
videography,2019-02,85.36585365853658
videography,2019-03,87.8048780487805
videography,2019-04,80.48780487804878
videography,2019-05,78.04878048780488
videography,2019-06,80.48780487804878
videography,2019-07,100.0
videography,2019-08,80.48780487804878
videography,2019-09,78.04878048780488
videography,2019-10,78.04878048780488
videography,2019-11,75.60975609756098
videography,2019-12,60.97560975609756
videography,2020-01,90.2439024390244
videography,2020-02,87.8048780487805
videography,2020-03,73.17073170731707
videography,2020-04,65.85365853658537
videography,2020-05,68.29268292682927
videography,2020-06,70.73170731707317
videography,2020-07,68.29268292682927
videography,2020-08,82.92682926829268
videography,2020-09,85.36585365853658
videography,2020-10,68.29268292682927
videography,2020-11,73.17073170731707
videography,2020-12,60.97560975609756
videography,2021-01,73.17073170731707
videography,2021-02,68.29268292682927
videography,2021-03,87.8048780487805
videography,2021-04,82.92682926829268
videography,2021-05,82.92682926829268
videography,2021-06,68.29268292682927
videography,2021-07,73.17073170731707
videography,2021-08,82.92682926829268
videography,2021-09,85.36585365853658
videography,2021-10,95.1219512195122
stone collecting,2019-01,19.23076923076923
stone collecting,2019-02,42.30769230769231
stone collecting,2019-03,57.69230769230769
stone collecting,2019-04,61.53846153846154
stone collecting,2019-05,0.0
stone collecting,2019-06,42.30769230769231
stone collecting,2019-07,80.76923076923077
stone collecting,2019-08,38.46153846153846
stone collecting,2019-09,76.92307692307692
stone collecting,2019-10,0.0
stone collecting,2019-11,19.23076923076923
stone collecting,2019-12,19.23076923076923
stone collecting,2020-01,34.61538461538461
stone collecting,2020-02,53.84615384615385
stone collecting,2020-03,30.76923076923077
stone collecting,2020-04,46.15384615384615
stone collecting,2020-05,15.384615384615385
stone collecting,2020-06,65.38461538461539
stone collecting,2020-07,19.23076923076923
stone collecting,2020-08,50.0
stone collecting,2020-09,50.0
stone collecting,2020-10,38.46153846153846
stone collecting,2020-11,19.23076923076923
stone collecting,2020-12,76.92307692307692
stone collecting,2021-01,19.23076923076923
stone collecting,2021-02,61.53846153846154
stone collecting,2021-03,38.46153846153846
stone collecting,2021-04,0.0
stone collecting,2021-05,19.23076923076923
stone collecting,2021-06,38.46153846153846
stone collecting,2021-07,38.46153846153846
stone collecting,2021-08,100.0
stone collecting,2021-09,19.23076923076923
stone collecting,2021-10,0.0
gingerbread house making,2019-01,6.818181818181818
gingerbread house making,2019-02,0.0
gingerbread house making,2019-03,4.545454545454546
gingerbread house making,2019-04,0.0
gingerbread house making,2019-05,2.272727272727273
gingerbread house making,2019-06,0.0
gingerbread house making,2019-07,0.0
gingerbread house making,2019-08,9.090909090909092
gingerbread house making,2019-09,2.272727272727273
gingerbread house making,2019-10,20.454545454545453
gingerbread house making,2019-11,34.09090909090909
gingerbread house making,2019-12,100.0
gingerbread house making,2020-01,2.272727272727273
gingerbread house making,2020-02,0.0
gingerbread house making,2020-03,2.272727272727273
gingerbread house making,2020-04,2.272727272727273
gingerbread house making,2020-05,0.0
gingerbread house making,2020-06,2.272727272727273
gingerbread house making,2020-07,0.0
gingerbread house making,2020-08,2.272727272727273
gingerbread house making,2020-09,6.818181818181818
gingerbread house making,2020-10,0.0
gingerbread house making,2020-11,22.727272727272727
gingerbread house making,2020-12,90.9090909090909
gingerbread house making,2021-01,4.545454545454546
gingerbread house making,2021-02,0.0
gingerbread house making,2021-03,0.0
gingerbread house making,2021-04,0.0
gingerbread house making,2021-05,0.0
gingerbread house making,2021-06,0.0
gingerbread house making,2021-07,0.0
gingerbread house making,2021-08,0.0
gingerbread house making,2021-09,0.0
gingerbread house making,2021-10,0.0
cornhole,2019-01,14.0
cornhole,2019-02,12.0
cornhole,2019-03,18.0
cornhole,2019-04,31.0
cornhole,2019-05,47.0
cornhole,2019-06,66.0
cornhole,2019-07,75.0
cornhole,2019-08,57.0
cornhole,2019-09,41.0
cornhole,2019-10,25.0
cornhole,2019-11,21.0
cornhole,2019-12,25.0
cornhole,2020-01,17.0
cornhole,2020-02,20.0
cornhole,2020-03,23.0
cornhole,2020-04,42.0
cornhole,2020-05,81.0
cornhole,2020-06,100.0
cornhole,2020-07,85.0
cornhole,2020-08,61.0
cornhole,2020-09,47.0
cornhole,2020-10,32.0
cornhole,2020-11,29.0
cornhole,2020-12,31.0
cornhole,2021-01,21.0
cornhole,2021-02,20.0
cornhole,2021-03,28.0
cornhole,2021-04,44.0
cornhole,2021-05,61.0
cornhole,2021-06,75.0
cornhole,2021-07,85.0
cornhole,2021-08,54.0
cornhole,2021-09,44.0
cornhole,2021-10,35.0
quidditch,2019-01,58.13953488372093
quidditch,2019-02,48.83720930232558
quidditch,2019-03,55.81395348837209
quidditch,2019-04,55.81395348837209
quidditch,2019-05,48.83720930232558
quidditch,2019-06,58.13953488372093
quidditch,2019-07,58.13953488372093
quidditch,2019-08,48.83720930232558
quidditch,2019-09,100.0
quidditch,2019-10,72.09302325581395
quidditch,2019-11,65.11627906976744
quidditch,2019-12,62.7906976744186
quidditch,2020-01,51.16279069767442
quidditch,2020-02,60.46511627906977
quidditch,2020-03,60.46511627906977
quidditch,2020-04,83.72093023255815
quidditch,2020-05,86.04651162790698
quidditch,2020-06,65.11627906976744
quidditch,2020-07,72.09302325581395
quidditch,2020-08,60.46511627906977
quidditch,2020-09,97.67441860465117
quidditch,2020-10,90.69767441860465
quidditch,2020-11,79.06976744186046
quidditch,2020-12,81.3953488372093
quidditch,2021-01,67.44186046511628
quidditch,2021-02,62.7906976744186
quidditch,2021-03,51.16279069767442
quidditch,2021-04,48.83720930232558
quidditch,2021-05,48.83720930232558
quidditch,2021-06,62.7906976744186
quidditch,2021-07,55.81395348837209
quidditch,2021-08,55.81395348837209
quidditch,2021-09,58.13953488372093
quidditch,2021-10,62.7906976744186
speed skating,2019-01,100.0
speed skating,2019-02,100.0
speed skating,2019-03,100.0
speed skating,2019-04,50.0
speed skating,2019-05,50.0
speed skating,2019-06,50.0
speed skating,2019-07,50.0
speed skating,2019-08,50.0
speed skating,2019-09,50.0
speed skating,2019-10,50.0
speed skating,2019-11,100.0
speed skating,2019-12,100.0
speed skating,2020-01,100.0
speed skating,2020-02,100.0
speed skating,2020-03,50.0
speed skating,2020-04,50.0
speed skating,2020-05,50.0
speed skating,2020-06,50.0
speed skating,2020-07,100.0
speed skating,2020-08,50.0
speed skating,2020-09,50.0
speed skating,2020-10,50.0
speed skating,2020-11,50.0
speed skating,2020-12,50.0
speed skating,2021-01,100.0
speed skating,2021-02,50.0
speed skating,2021-03,50.0
speed skating,2021-04,50.0
speed skating,2021-05,50.0
speed skating,2021-06,50.0
speed skating,2021-07,50.0
speed skating,2021-08,50.0
speed skating,2021-09,50.0
speed skating,2021-10,50.0
origami,2019-01,50.0
origami,2019-02,58.333333333333336
origami,2019-03,50.0
origami,2019-04,54.166666666666664
origami,2019-05,66.66666666666667
origami,2019-06,45.833333333333336
origami,2019-07,41.666666666666664
origami,2019-08,43.75
origami,2019-09,50.0
origami,2019-10,52.083333333333336
origami,2019-11,58.333333333333336
origami,2019-12,64.58333333333333
origami,2020-01,52.083333333333336
origami,2020-02,60.416666666666664
origami,2020-03,52.083333333333336
origami,2020-04,60.416666666666664
origami,2020-05,68.75
origami,2020-06,50.0
origami,2020-07,100.0
origami,2020-08,72.91666666666667
origami,2020-09,56.25
origami,2020-10,45.833333333333336
origami,2020-11,43.75
origami,2020-12,54.166666666666664
origami,2021-01,41.666666666666664
origami,2021-02,50.0
origami,2021-03,41.666666666666664
origami,2021-04,41.666666666666664
origami,2021-05,50.0
origami,2021-06,41.666666666666664
origami,2021-07,39.583333333333336
origami,2021-08,39.583333333333336
origami,2021-09,41.666666666666664
origami,2021-10,50.0
tai chi,2019-01,83.33333333333333
tai chi,2019-02,75.0
tai chi,2019-03,80.55555555555556
tai chi,2019-04,80.55555555555556
tai chi,2019-05,72.22222222222223
tai chi,2019-06,83.33333333333333
tai chi,2019-07,77.77777777777777
tai chi,2019-08,75.0
tai chi,2019-09,69.44444444444444
tai chi,2019-10,69.44444444444444
tai chi,2019-11,69.44444444444444
tai chi,2019-12,61.111111111111114
tai chi,2020-01,77.77777777777777
tai chi,2020-02,75.0
tai chi,2020-03,63.888888888888886
tai chi,2020-04,63.888888888888886
tai chi,2020-05,58.333333333333336
tai chi,2020-06,58.333333333333336
tai chi,2020-07,66.66666666666667
tai chi,2020-08,61.111111111111114
tai chi,2020-09,69.44444444444444
tai chi,2020-10,55.55555555555556
tai chi,2020-11,50.0
tai chi,2020-12,100.0
tai chi,2021-01,61.111111111111114
tai chi,2021-02,55.55555555555556
tai chi,2021-03,50.0
tai chi,2021-04,52.77777777777778
tai chi,2021-05,63.888888888888886
tai chi,2021-06,66.66666666666667
tai chi,2021-07,63.888888888888886
tai chi,2021-08,61.111111111111114
tai chi,2021-09,63.888888888888886
tai chi,2021-10,61.111111111111114
billiards,2019-01,93.54838709677419
billiards,2019-02,100.0
billiards,2019-03,96.7741935483871
billiards,2019-04,80.64516129032258
billiards,2019-05,83.87096774193549
billiards,2019-06,87.09677419354838
billiards,2019-07,87.09677419354838
billiards,2019-08,80.64516129032258
billiards,2019-09,74.19354838709677
billiards,2019-10,70.96774193548387
billiards,2019-11,90.3225806451613
billiards,2019-12,90.3225806451613
billiards,2020-01,93.54838709677419
billiards,2020-02,93.54838709677419
billiards,2020-03,67.74193548387096
billiards,2020-04,38.70967741935484
billiards,2020-05,48.38709677419355
billiards,2020-06,67.74193548387096
billiards,2020-07,61.29032258064516
billiards,2020-08,58.064516129032256
billiards,2020-09,58.064516129032256
billiards,2020-10,67.74193548387096
billiards,2020-11,61.29032258064516
billiards,2020-12,64.51612903225806
billiards,2021-01,74.19354838709677
billiards,2021-02,80.64516129032258
billiards,2021-03,83.87096774193549
billiards,2021-04,77.41935483870968
billiards,2021-05,87.09677419354838
billiards,2021-06,83.87096774193549
billiards,2021-07,90.3225806451613
billiards,2021-08,74.19354838709677
billiards,2021-09,77.41935483870968
billiards,2021-10,87.09677419354838
race walking,2019-01,8.450704225352112
race walking,2019-02,8.450704225352112
race walking,2019-03,11.267605633802816
race walking,2019-04,11.267605633802816
race walking,2019-05,8.450704225352112
race walking,2019-06,8.450704225352112
race walking,2019-07,8.450704225352112
race walking,2019-08,9.859154929577464
race walking,2019-09,9.859154929577464
race walking,2019-10,14.084507042253522
race walking,2019-11,12.67605633802817
race walking,2019-12,5.633802816901408
race walking,2020-01,7.042253521126761
race walking,2020-02,5.633802816901408
race walking,2020-03,9.859154929577464
race walking,2020-04,11.267605633802816
race walking,2020-05,9.859154929577464
race walking,2020-06,9.859154929577464
race walking,2020-07,8.450704225352112
race walking,2020-08,7.042253521126761
race walking,2020-09,9.859154929577464
race walking,2020-10,9.859154929577464
race walking,2020-11,4.225352112676056
race walking,2020-12,5.633802816901408
race walking,2021-01,9.859154929577464
race walking,2021-02,7.042253521126761
race walking,2021-03,9.859154929577464
race walking,2021-04,8.450704225352112
race walking,2021-05,8.450704225352112
race walking,2021-06,14.084507042253522
race walking,2021-07,16.901408450704224
race walking,2021-08,100.0
race walking,2021-09,8.450704225352112
race walking,2021-10,15.492957746478874
kite flying,2019-01,56.81818181818182
kite flying,2019-02,65.9090909090909
kite flying,2019-03,84.0909090909091
kite flying,2019-04,95.45454545454545
kite flying,2019-05,84.0909090909091
kite flying,2019-06,47.72727272727273
kite flying,2019-07,36.36363636363637
kite flying,2019-08,29.545454545454547
kite flying,2019-09,52.27272727272727
kite flying,2019-10,63.63636363636363
kite flying,2019-11,34.09090909090909
kite flying,2019-12,50.0
kite flying,2020-01,61.36363636363637
kite flying,2020-02,65.9090909090909
kite flying,2020-03,70.45454545454545
kite flying,2020-04,77.27272727272727
kite flying,2020-05,100.0
kite flying,2020-06,43.18181818181818
kite flying,2020-07,63.63636363636363
kite flying,2020-08,61.36363636363637
kite flying,2020-09,61.36363636363637
kite flying,2020-10,52.27272727272727
kite flying,2020-11,45.45454545454545
kite flying,2020-12,27.272727272727273
kite flying,2021-01,52.27272727272727
kite flying,2021-02,65.9090909090909
kite flying,2021-03,90.9090909090909
kite flying,2021-04,77.27272727272727
kite flying,2021-05,65.9090909090909
kite flying,2021-06,61.36363636363637
kite flying,2021-07,52.27272727272727
kite flying,2021-08,43.18181818181818
kite flying,2021-09,36.36363636363637
kite flying,2021-10,20.454545454545453
vacation,2019-01,85.71428571428571
vacation,2019-02,79.36507936507937
vacation,2019-03,77.77777777777777
vacation,2019-04,71.42857142857143
vacation,2019-05,74.60317460317461
vacation,2019-06,87.3015873015873
vacation,2019-07,88.88888888888889
vacation,2019-08,69.84126984126983
vacation,2019-09,61.904761904761905
vacation,2019-10,57.142857142857146
vacation,2019-11,66.66666666666667
vacation,2019-12,95.23809523809524
vacation,2020-01,87.3015873015873
vacation,2020-02,79.36507936507937
vacation,2020-03,55.55555555555556
vacation,2020-04,39.682539682539684
vacation,2020-05,65.07936507936508
vacation,2020-06,85.71428571428571
vacation,2020-07,77.77777777777777
vacation,2020-08,69.84126984126983
vacation,2020-09,55.55555555555556
vacation,2020-10,53.96825396825397
vacation,2020-11,58.73015873015873
vacation,2020-12,87.3015873015873
vacation,2021-01,68.25396825396825
vacation,2021-02,73.01587301587301
vacation,2021-03,85.71428571428571
vacation,2021-04,85.71428571428571
vacation,2021-05,92.06349206349206
vacation,2021-06,100.0
vacation,2021-07,93.65079365079364
vacation,2021-08,79.36507936507937
vacation,2021-09,68.25396825396825
vacation,2021-10,61.904761904761905
breakdancing,2019-01,21.05263157894737
breakdancing,2019-02,42.10526315789474
breakdancing,2019-03,36.8421052631579
breakdancing,2019-04,26.31578947368421
breakdancing,2019-05,31.57894736842105
breakdancing,2019-06,31.57894736842105
breakdancing,2019-07,26.31578947368421
breakdancing,2019-08,21.05263157894737
breakdancing,2019-09,26.31578947368421
breakdancing,2019-10,26.31578947368421
breakdancing,2019-11,26.31578947368421
breakdancing,2019-12,15.789473684210526
breakdancing,2020-01,36.8421052631579
breakdancing,2020-02,31.57894736842105
breakdancing,2020-03,26.31578947368421
breakdancing,2020-04,21.05263157894737
breakdancing,2020-05,26.31578947368421
breakdancing,2020-06,26.31578947368421
breakdancing,2020-07,26.31578947368421
breakdancing,2020-08,21.05263157894737
breakdancing,2020-09,26.31578947368421
breakdancing,2020-10,26.31578947368421
breakdancing,2020-11,21.05263157894737
breakdancing,2020-12,100.0
breakdancing,2021-01,31.57894736842105
breakdancing,2021-02,36.8421052631579
breakdancing,2021-03,21.05263157894737
breakdancing,2021-04,21.05263157894737
breakdancing,2021-05,15.789473684210526
breakdancing,2021-06,26.31578947368421
breakdancing,2021-07,52.63157894736842
breakdancing,2021-08,47.36842105263158
breakdancing,2021-09,15.789473684210526
breakdancing,2021-10,21.05263157894737
marbles,2019-01,37.9746835443038
marbles,2019-02,43.037974683544306
marbles,2019-03,44.30379746835443
marbles,2019-04,37.9746835443038
marbles,2019-05,41.77215189873418
marbles,2019-06,32.91139240506329
marbles,2019-07,35.44303797468354
marbles,2019-08,37.9746835443038
marbles,2019-09,35.44303797468354
marbles,2019-10,35.44303797468354
marbles,2019-11,34.177215189873415
marbles,2019-12,31.645569620253166
marbles,2020-01,35.44303797468354
marbles,2020-02,37.9746835443038
marbles,2020-03,35.44303797468354
marbles,2020-04,34.177215189873415
marbles,2020-05,36.70886075949367
marbles,2020-06,100.0
marbles,2020-07,41.77215189873418
marbles,2020-08,32.91139240506329
marbles,2020-09,35.44303797468354
marbles,2020-10,31.645569620253166
marbles,2020-11,30.379746835443036
marbles,2020-12,30.379746835443036
marbles,2021-01,31.645569620253166
marbles,2021-02,29.11392405063291
marbles,2021-03,32.91139240506329
marbles,2021-04,35.44303797468354
marbles,2021-05,34.177215189873415
marbles,2021-06,29.11392405063291
marbles,2021-07,24.050632911392405
marbles,2021-08,25.31645569620253
marbles,2021-09,26.582278481012658
marbles,2021-10,34.177215189873415
tennis,2019-01,48.958333333333336
tennis,2019-02,40.625
tennis,2019-03,52.083333333333336
tennis,2019-04,47.916666666666664
tennis,2019-05,50.0
tennis,2019-06,52.083333333333336
tennis,2019-07,67.70833333333333
tennis,2019-08,79.16666666666667
tennis,2019-09,84.375
tennis,2019-10,39.583333333333336
tennis,2019-11,34.375
tennis,2019-12,32.291666666666664
tennis,2020-01,50.0
tennis,2020-02,44.791666666666664
tennis,2020-03,31.25
tennis,2020-04,25.0
tennis,2020-05,34.375
tennis,2020-06,39.583333333333336
tennis,2020-07,40.625
tennis,2020-08,45.833333333333336
tennis,2020-09,75.0
tennis,2020-10,42.708333333333336
tennis,2020-11,34.375
tennis,2020-12,30.208333333333332
tennis,2021-01,31.25
tennis,2021-02,51.041666666666664
tennis,2021-03,44.791666666666664
tennis,2021-04,51.041666666666664
tennis,2021-05,54.166666666666664
tennis,2021-06,63.541666666666664
tennis,2021-07,66.66666666666667
tennis,2021-08,59.375
tennis,2021-09,100.0
tennis,2021-10,45.833333333333336
fishkeeping,2019-01,28.571428571428573
fishkeeping,2019-02,35.714285714285715
fishkeeping,2019-03,0.0
fishkeeping,2019-04,0.0
fishkeeping,2019-05,0.0
fishkeeping,2019-06,35.714285714285715
fishkeeping,2019-07,64.28571428571429
fishkeeping,2019-08,28.571428571428573
fishkeeping,2019-09,28.571428571428573
fishkeeping,2019-10,0.0
fishkeeping,2019-11,28.571428571428573
fishkeeping,2019-12,57.142857142857146
fishkeeping,2020-01,28.571428571428573
fishkeeping,2020-02,57.142857142857146
fishkeeping,2020-03,100.0
fishkeeping,2020-04,28.571428571428573
fishkeeping,2020-05,50.0
fishkeeping,2020-06,0.0
fishkeeping,2020-07,57.142857142857146
fishkeeping,2020-08,28.571428571428573
fishkeeping,2020-09,28.571428571428573
fishkeeping,2020-10,85.71428571428571
fishkeeping,2020-11,85.71428571428571
fishkeeping,2020-12,0.0
fishkeeping,2021-01,85.71428571428571
fishkeeping,2021-02,64.28571428571429
fishkeeping,2021-03,0.0
fishkeeping,2021-04,28.571428571428573
fishkeeping,2021-05,92.85714285714286
fishkeeping,2021-06,64.28571428571429
fishkeeping,2021-07,64.28571428571429
fishkeeping,2021-08,28.571428571428573
fishkeeping,2021-09,0.0
fishkeeping,2021-10,0.0
plastic art,2019-01,95.45454545454545
plastic art,2019-02,97.72727272727273
plastic art,2019-03,77.27272727272727
plastic art,2019-04,100.0
plastic art,2019-05,93.18181818181819
plastic art,2019-06,79.54545454545455
plastic art,2019-07,59.09090909090909
plastic art,2019-08,65.9090909090909
plastic art,2019-09,68.18181818181819
plastic art,2019-10,81.81818181818181
plastic art,2019-11,63.63636363636363
plastic art,2019-12,63.63636363636363
plastic art,2020-01,65.9090909090909
plastic art,2020-02,70.45454545454545
plastic art,2020-03,81.81818181818181
plastic art,2020-04,93.18181818181819
plastic art,2020-05,70.45454545454545
plastic art,2020-06,54.54545454545455
plastic art,2020-07,79.54545454545455
plastic art,2020-08,79.54545454545455
plastic art,2020-09,79.54545454545455
plastic art,2020-10,68.18181818181819
plastic art,2020-11,56.81818181818182
plastic art,2020-12,72.72727272727273
plastic art,2021-01,63.63636363636363
plastic art,2021-02,50.0
plastic art,2021-03,54.54545454545455
plastic art,2021-04,59.09090909090909
plastic art,2021-05,81.81818181818181
plastic art,2021-06,63.63636363636363
plastic art,2021-07,75.0
plastic art,2021-08,50.0
plastic art,2021-09,77.27272727272727
plastic art,2021-10,59.09090909090909
pyrography,2019-01,53.6231884057971
pyrography,2019-02,62.31884057971015
pyrography,2019-03,36.231884057971016
pyrography,2019-04,31.884057971014492
pyrography,2019-05,40.57971014492754
pyrography,2019-06,44.927536231884055
pyrography,2019-07,34.78260869565217
pyrography,2019-08,43.47826086956522
pyrography,2019-09,34.78260869565217
pyrography,2019-10,47.82608695652174
pyrography,2019-11,86.95652173913044
pyrography,2019-12,78.26086956521739
pyrography,2020-01,71.01449275362319
pyrography,2020-02,50.72463768115942
pyrography,2020-03,49.27536231884058
pyrography,2020-04,63.768115942028984
pyrography,2020-05,63.768115942028984
pyrography,2020-06,55.072463768115945
pyrography,2020-07,49.27536231884058
pyrography,2020-08,57.971014492753625
pyrography,2020-09,46.3768115942029
pyrography,2020-10,47.82608695652174
pyrography,2020-11,46.3768115942029
pyrography,2020-12,100.0
pyrography,2021-01,59.42028985507246
pyrography,2021-02,59.42028985507246
pyrography,2021-03,53.6231884057971
pyrography,2021-04,21.73913043478261
pyrography,2021-05,31.884057971014492
pyrography,2021-06,30.434782608695652
pyrography,2021-07,33.333333333333336
pyrography,2021-08,36.231884057971016
pyrography,2021-09,34.78260869565217
pyrography,2021-10,34.78260869565217
poker,2019-01,57.69230769230769
poker,2019-02,53.84615384615385
poker,2019-03,53.84615384615385
poker,2019-04,46.15384615384615
poker,2019-05,50.0
poker,2019-06,57.69230769230769
poker,2019-07,76.92307692307692
poker,2019-08,53.84615384615385
poker,2019-09,46.15384615384615
poker,2019-10,50.0
poker,2019-11,50.0
poker,2019-12,57.69230769230769
poker,2020-01,61.53846153846154
poker,2020-02,53.84615384615385
poker,2020-03,61.53846153846154
poker,2020-04,73.07692307692308
poker,2020-05,61.53846153846154
poker,2020-06,53.84615384615385
poker,2020-07,100.0
poker,2020-08,57.69230769230769
poker,2020-09,50.0
poker,2020-10,50.0
poker,2020-11,50.0
poker,2020-12,61.53846153846154
poker,2021-01,61.53846153846154
poker,2021-02,69.23076923076923
poker,2021-03,61.53846153846154
poker,2021-04,53.84615384615385
poker,2021-05,57.69230769230769
poker,2021-06,57.69230769230769
poker,2021-07,61.53846153846154
poker,2021-08,57.69230769230769
poker,2021-09,53.84615384615385
poker,2021-10,57.69230769230769
cryptography,2019-01,86.36363636363636
cryptography,2019-02,100.0
cryptography,2019-03,95.45454545454545
cryptography,2019-04,90.9090909090909
cryptography,2019-05,90.9090909090909
cryptography,2019-06,68.18181818181819
cryptography,2019-07,63.63636363636363
cryptography,2019-08,72.72727272727273
cryptography,2019-09,95.45454545454545
cryptography,2019-10,100.0
cryptography,2019-11,90.9090909090909
cryptography,2019-12,63.63636363636363
cryptography,2020-01,86.36363636363636
cryptography,2020-02,72.72727272727273
cryptography,2020-03,68.18181818181819
cryptography,2020-04,81.81818181818181
cryptography,2020-05,68.18181818181819
cryptography,2020-06,54.54545454545455
cryptography,2020-07,68.18181818181819
cryptography,2020-08,63.63636363636363
cryptography,2020-09,77.27272727272727
cryptography,2020-10,77.27272727272727
cryptography,2020-11,54.54545454545455
cryptography,2020-12,63.63636363636363
cryptography,2021-01,59.09090909090909
cryptography,2021-02,86.36363636363636
cryptography,2021-03,68.18181818181819
cryptography,2021-04,81.81818181818181
cryptography,2021-05,72.72727272727273
cryptography,2021-06,63.63636363636363
cryptography,2021-07,59.09090909090909
cryptography,2021-08,63.63636363636363
cryptography,2021-09,86.36363636363636
cryptography,2021-10,68.18181818181819
writing music,2019-01,76.19047619047619
writing music,2019-02,90.47619047619048
writing music,2019-03,83.33333333333333
writing music,2019-04,71.42857142857143
writing music,2019-05,71.42857142857143
writing music,2019-06,47.61904761904762
writing music,2019-07,45.23809523809524
writing music,2019-08,71.42857142857143
writing music,2019-09,100.0
writing music,2019-10,95.23809523809524
writing music,2019-11,90.47619047619048
writing music,2019-12,69.04761904761905
writing music,2020-01,76.19047619047619
writing music,2020-02,85.71428571428571
writing music,2020-03,71.42857142857143
writing music,2020-04,88.0952380952381
writing music,2020-05,71.42857142857143
writing music,2020-06,52.38095238095238
writing music,2020-07,52.38095238095238
writing music,2020-08,80.95238095238095
writing music,2020-09,95.23809523809524
writing music,2020-10,76.19047619047619
writing music,2020-11,69.04761904761905
writing music,2020-12,54.76190476190476
writing music,2021-01,52.38095238095238
writing music,2021-02,59.523809523809526
writing music,2021-03,59.523809523809526
writing music,2021-04,54.76190476190476
writing music,2021-05,45.23809523809524
writing music,2021-06,40.476190476190474
writing music,2021-07,33.333333333333336
writing music,2021-08,40.476190476190474
writing music,2021-09,59.523809523809526
writing music,2021-10,61.904761904761905
wine tasting,2019-01,81.25
wine tasting,2019-02,85.0
wine tasting,2019-03,90.0
wine tasting,2019-04,85.0
wine tasting,2019-05,87.5
wine tasting,2019-06,98.75
wine tasting,2019-07,96.25
wine tasting,2019-08,95.0
wine tasting,2019-09,88.75
wine tasting,2019-10,83.75
wine tasting,2019-11,77.5
wine tasting,2019-12,76.25
wine tasting,2020-01,81.25
wine tasting,2020-02,87.5
wine tasting,2020-03,47.5
wine tasting,2020-04,32.5
wine tasting,2020-05,43.75
wine tasting,2020-06,63.75
wine tasting,2020-07,67.5
wine tasting,2020-08,83.75
wine tasting,2020-09,80.0
wine tasting,2020-10,86.25
wine tasting,2020-11,67.5
wine tasting,2020-12,61.25
wine tasting,2021-01,56.25
wine tasting,2021-02,75.0
wine tasting,2021-03,78.75
wine tasting,2021-04,87.5
wine tasting,2021-05,95.0
wine tasting,2021-06,86.25
wine tasting,2021-07,92.5
wine tasting,2021-08,87.5
wine tasting,2021-09,93.75
wine tasting,2021-10,100.0
mazes,2019-01,22.857142857142858
mazes,2019-02,20.0
mazes,2019-03,17.142857142857142
mazes,2019-04,20.0
mazes,2019-05,20.0
mazes,2019-06,11.428571428571429
mazes,2019-07,14.285714285714286
mazes,2019-08,20.0
mazes,2019-09,51.42857142857143
mazes,2019-10,100.0
mazes,2019-11,22.857142857142858
mazes,2019-12,11.428571428571429
mazes,2020-01,14.285714285714286
mazes,2020-02,14.285714285714286
mazes,2020-03,17.142857142857142
mazes,2020-04,20.0
mazes,2020-05,14.285714285714286
mazes,2020-06,11.428571428571429
mazes,2020-07,11.428571428571429
mazes,2020-08,14.285714285714286
mazes,2020-09,40.0
mazes,2020-10,88.57142857142857
mazes,2020-11,11.428571428571429
mazes,2020-12,11.428571428571429
mazes,2021-01,11.428571428571429
mazes,2021-02,11.428571428571429
mazes,2021-03,14.285714285714286
mazes,2021-04,11.428571428571429
mazes,2021-05,11.428571428571429
mazes,2021-06,14.285714285714286
mazes,2021-07,14.285714285714286
mazes,2021-08,14.285714285714286
mazes,2021-09,45.714285714285715
mazes,2021-10,85.71428571428571
gold prospecting,2019-01,83.33333333333333
gold prospecting,2019-02,94.44444444444444
gold prospecting,2019-03,61.111111111111114
gold prospecting,2019-04,100.0
gold prospecting,2019-05,55.55555555555556
gold prospecting,2019-06,100.0
gold prospecting,2019-07,83.33333333333333
gold prospecting,2019-08,88.88888888888889
gold prospecting,2019-09,61.111111111111114
gold prospecting,2019-10,38.888888888888886
gold prospecting,2019-11,44.44444444444444
gold prospecting,2019-12,55.55555555555556
gold prospecting,2020-01,66.66666666666667
gold prospecting,2020-02,72.22222222222223
gold prospecting,2020-03,61.111111111111114
gold prospecting,2020-04,61.111111111111114
gold prospecting,2020-05,72.22222222222223
gold prospecting,2020-06,66.66666666666667
gold prospecting,2020-07,77.77777777777777
gold prospecting,2020-08,83.33333333333333
gold prospecting,2020-09,44.44444444444444
gold prospecting,2020-10,55.55555555555556
gold prospecting,2020-11,72.22222222222223
gold prospecting,2020-12,83.33333333333333
gold prospecting,2021-01,66.66666666666667
gold prospecting,2021-02,83.33333333333333
gold prospecting,2021-03,55.55555555555556
gold prospecting,2021-04,77.77777777777777
gold prospecting,2021-05,50.0
gold prospecting,2021-06,61.111111111111114
gold prospecting,2021-07,55.55555555555556
gold prospecting,2021-08,66.66666666666667
gold prospecting,2021-09,50.0
gold prospecting,2021-10,66.66666666666667
english,2019-01,81.0
english,2019-02,81.0
english,2019-03,82.0
english,2019-04,82.0
english,2019-05,87.0
english,2019-06,73.0
english,2019-07,70.0
english,2019-08,73.0
english,2019-09,84.0
english,2019-10,89.0
english,2019-11,82.0
english,2019-12,78.0
english,2020-01,84.0
english,2020-02,87.0
english,2020-03,88.0
english,2020-04,97.0
english,2020-05,89.0
english,2020-06,79.0
english,2020-07,77.0
english,2020-08,81.0
english,2020-09,100.0
english,2020-10,93.0
english,2020-11,80.0
english,2020-12,82.0
english,2021-01,85.0
english,2021-02,91.0
english,2021-03,87.0
english,2021-04,88.0
english,2021-05,88.0
english,2021-06,80.0
english,2021-07,80.0
english,2021-08,80.0
english,2021-09,86.0
english,2021-10,85.0
skimboarding,2019-01,7.6923076923076925
skimboarding,2019-02,15.384615384615385
skimboarding,2019-03,38.46153846153846
skimboarding,2019-04,30.76923076923077
skimboarding,2019-05,15.384615384615385
skimboarding,2019-06,53.84615384615385
skimboarding,2019-07,61.53846153846154
skimboarding,2019-08,69.23076923076923
skimboarding,2019-09,38.46153846153846
skimboarding,2019-10,23.076923076923077
skimboarding,2019-11,15.384615384615385
skimboarding,2019-12,23.076923076923077
skimboarding,2020-01,30.76923076923077
skimboarding,2020-02,23.076923076923077
skimboarding,2020-03,30.76923076923077
skimboarding,2020-04,15.384615384615385
skimboarding,2020-05,53.84615384615385
skimboarding,2020-06,100.0
skimboarding,2020-07,76.92307692307692
skimboarding,2020-08,100.0
skimboarding,2020-09,46.15384615384615
skimboarding,2020-10,30.76923076923077
skimboarding,2020-11,53.84615384615385
skimboarding,2020-12,23.076923076923077
skimboarding,2021-01,23.076923076923077
skimboarding,2021-02,15.384615384615385
skimboarding,2021-03,53.84615384615385
skimboarding,2021-04,23.076923076923077
skimboarding,2021-05,30.76923076923077
skimboarding,2021-06,92.3076923076923
skimboarding,2021-07,61.53846153846154
skimboarding,2021-08,46.15384615384615
skimboarding,2021-09,38.46153846153846
skimboarding,2021-10,23.076923076923077
dowsing,2019-01,48.57142857142857
dowsing,2019-02,54.285714285714285
dowsing,2019-03,45.714285714285715
dowsing,2019-04,45.714285714285715
dowsing,2019-05,57.142857142857146
dowsing,2019-06,51.42857142857143
dowsing,2019-07,57.142857142857146
dowsing,2019-08,71.42857142857143
dowsing,2019-09,68.57142857142857
dowsing,2019-10,57.142857142857146
dowsing,2019-11,51.42857142857143
dowsing,2019-12,51.42857142857143
dowsing,2020-01,51.42857142857143
dowsing,2020-02,65.71428571428571
dowsing,2020-03,54.285714285714285
dowsing,2020-04,60.0
dowsing,2020-05,51.42857142857143
dowsing,2020-06,91.42857142857143
dowsing,2020-07,74.28571428571429
dowsing,2020-08,82.85714285714286
dowsing,2020-09,71.42857142857143
dowsing,2020-10,54.285714285714285
dowsing,2020-11,48.57142857142857
dowsing,2020-12,65.71428571428571
dowsing,2021-01,71.42857142857143
dowsing,2021-02,60.0
dowsing,2021-03,60.0
dowsing,2021-04,88.57142857142857
dowsing,2021-05,80.0
dowsing,2021-06,77.14285714285714
dowsing,2021-07,85.71428571428571
dowsing,2021-08,100.0
dowsing,2021-09,60.0
dowsing,2021-10,91.42857142857143
pilates,2019-01,97.5
pilates,2019-02,90.0
pilates,2019-03,87.5
pilates,2019-04,85.0
pilates,2019-05,87.5
pilates,2019-06,87.5
pilates,2019-07,90.0
pilates,2019-08,87.5
pilates,2019-09,87.5
pilates,2019-10,82.5
pilates,2019-11,82.5
pilates,2019-12,80.0
pilates,2020-01,100.0
pilates,2020-02,92.5
pilates,2020-03,77.5
pilates,2020-04,65.0
pilates,2020-05,62.5
pilates,2020-06,67.5
pilates,2020-07,65.0
pilates,2020-08,62.5
pilates,2020-09,67.5
pilates,2020-10,62.5
pilates,2020-11,57.5
pilates,2020-12,57.5
pilates,2021-01,77.5
pilates,2021-02,77.5
pilates,2021-03,75.0
pilates,2021-04,80.0
pilates,2021-05,85.0
pilates,2021-06,85.0
pilates,2021-07,87.5
pilates,2021-08,82.5
pilates,2021-09,82.5
pilates,2021-10,82.5
couch surfing,2019-01,64.28571428571429
couch surfing,2019-02,78.57142857142857
couch surfing,2019-03,71.42857142857143
couch surfing,2019-04,78.57142857142857
couch surfing,2019-05,100.0
couch surfing,2019-06,78.57142857142857
couch surfing,2019-07,64.28571428571429
couch surfing,2019-08,92.85714285714286
couch surfing,2019-09,50.0
couch surfing,2019-10,50.0
couch surfing,2019-11,100.0
couch surfing,2019-12,50.0
couch surfing,2020-01,42.857142857142854
couch surfing,2020-02,64.28571428571429
couch surfing,2020-03,64.28571428571429
couch surfing,2020-04,28.571428571428573
couch surfing,2020-05,35.714285714285715
couch surfing,2020-06,57.142857142857146
couch surfing,2020-07,42.857142857142854
couch surfing,2020-08,50.0
couch surfing,2020-09,35.714285714285715
couch surfing,2020-10,42.857142857142854
couch surfing,2020-11,21.428571428571427
couch surfing,2020-12,35.714285714285715
couch surfing,2021-01,71.42857142857143
couch surfing,2021-02,35.714285714285715
couch surfing,2021-03,35.714285714285715
couch surfing,2021-04,50.0
couch surfing,2021-05,42.857142857142854
couch surfing,2021-06,50.0
couch surfing,2021-07,42.857142857142854
couch surfing,2021-08,50.0
couch surfing,2021-09,28.571428571428573
couch surfing,2021-10,50.0
urban exploration,2019-01,100.0
urban exploration,2019-02,82.3529411764706
urban exploration,2019-03,100.0
urban exploration,2019-04,100.0
urban exploration,2019-05,76.47058823529412
urban exploration,2019-06,64.70588235294117
urban exploration,2019-07,64.70588235294117
urban exploration,2019-08,76.47058823529412
urban exploration,2019-09,100.0
urban exploration,2019-10,70.58823529411765
urban exploration,2019-11,70.58823529411765
urban exploration,2019-12,58.8235294117647
urban exploration,2020-01,52.94117647058823
urban exploration,2020-02,70.58823529411765
urban exploration,2020-03,94.11764705882354
urban exploration,2020-04,70.58823529411765
urban exploration,2020-05,88.23529411764706
urban exploration,2020-06,41.1764705882353
urban exploration,2020-07,70.58823529411765
urban exploration,2020-08,94.11764705882354
urban exploration,2020-09,82.3529411764706
urban exploration,2020-10,70.58823529411765
urban exploration,2020-11,76.47058823529412
urban exploration,2020-12,58.8235294117647
urban exploration,2021-01,58.8235294117647
urban exploration,2021-02,47.05882352941177
urban exploration,2021-03,52.94117647058823
urban exploration,2021-04,52.94117647058823
urban exploration,2021-05,47.05882352941177
urban exploration,2021-06,70.58823529411765
urban exploration,2021-07,52.94117647058823
urban exploration,2021-08,47.05882352941177
urban exploration,2021-09,58.8235294117647
urban exploration,2021-10,64.70588235294117
slot car,2019-01,56.0
slot car,2019-02,60.0
slot car,2019-03,56.0
slot car,2019-04,44.0
slot car,2019-05,40.0
slot car,2019-06,44.0
slot car,2019-07,44.0
slot car,2019-08,36.0
slot car,2019-09,44.0
slot car,2019-10,52.0
slot car,2019-11,72.0
slot car,2019-12,100.0
slot car,2020-01,72.0
slot car,2020-02,60.0
slot car,2020-03,56.0
slot car,2020-04,48.0
slot car,2020-05,44.0
slot car,2020-06,44.0
slot car,2020-07,52.0
slot car,2020-08,48.0
slot car,2020-09,40.0
slot car,2020-10,60.0
slot car,2020-11,76.0
slot car,2020-12,100.0
slot car,2021-01,72.0
slot car,2021-02,64.0
slot car,2021-03,56.0
slot car,2021-04,52.0
slot car,2021-05,48.0
slot car,2021-06,40.0
slot car,2021-07,40.0
slot car,2021-08,44.0
slot car,2021-09,44.0
slot car,2021-10,44.0
watching television,2019-01,28.26086956521739
watching television,2019-02,45.65217391304348
watching television,2019-03,43.47826086956522
watching television,2019-04,43.47826086956522
watching television,2019-05,39.130434782608695
watching television,2019-06,17.391304347826086
watching television,2019-07,13.043478260869565
watching television,2019-08,30.434782608695652
watching television,2019-09,32.608695652173914
watching television,2019-10,39.130434782608695
watching television,2019-11,56.52173913043478
watching television,2019-12,39.130434782608695
watching television,2020-01,45.65217391304348
watching television,2020-02,56.52173913043478
watching television,2020-03,34.78260869565217
watching television,2020-04,58.69565217391305
watching television,2020-05,52.17391304347826
watching television,2020-06,30.434782608695652
watching television,2020-07,21.73913043478261
watching television,2020-08,17.391304347826086
watching television,2020-09,60.869565217391305
watching television,2020-10,41.30434782608695
watching television,2020-11,41.30434782608695
watching television,2020-12,36.95652173913044
watching television,2021-01,41.30434782608695
watching television,2021-02,47.82608695652174
watching television,2021-03,56.52173913043478
watching television,2021-04,43.47826086956522
watching television,2021-05,43.47826086956522
watching television,2021-06,43.47826086956522
watching television,2021-07,19.565217391304348
watching television,2021-08,15.217391304347826
watching television,2021-09,36.95652173913044
watching television,2021-10,100.0
car tuning,2019-01,57.142857142857146
car tuning,2019-02,63.265306122448976
car tuning,2019-03,67.34693877551021
car tuning,2019-04,83.6734693877551
car tuning,2019-05,65.3061224489796
car tuning,2019-06,61.224489795918366
car tuning,2019-07,48.97959183673469
car tuning,2019-08,77.55102040816327
car tuning,2019-09,63.265306122448976
car tuning,2019-10,59.183673469387756
car tuning,2019-11,53.06122448979592
car tuning,2019-12,51.02040816326531
car tuning,2020-01,63.265306122448976
car tuning,2020-02,81.63265306122449
car tuning,2020-03,85.71428571428571
car tuning,2020-04,69.38775510204081
car tuning,2020-05,65.3061224489796
car tuning,2020-06,83.6734693877551
car tuning,2020-07,65.3061224489796
car tuning,2020-08,77.55102040816327
car tuning,2020-09,79.59183673469387
car tuning,2020-10,85.71428571428571
car tuning,2020-11,77.55102040816327
car tuning,2020-12,73.46938775510205
car tuning,2021-01,61.224489795918366
car tuning,2021-02,67.34693877551021
car tuning,2021-03,85.71428571428571
car tuning,2021-04,100.0
car tuning,2021-05,67.34693877551021
car tuning,2021-06,69.38775510204081
car tuning,2021-07,71.42857142857143
car tuning,2021-08,63.265306122448976
car tuning,2021-09,71.42857142857143
car tuning,2021-10,48.97959183673469
tapestry,2019-01,65.0
tapestry,2019-02,61.0
tapestry,2019-03,60.0
tapestry,2019-04,57.0
tapestry,2019-05,53.0
tapestry,2019-06,65.0
tapestry,2019-07,73.0
tapestry,2019-08,86.0
tapestry,2019-09,72.0
tapestry,2019-10,57.0
tapestry,2019-11,67.0
tapestry,2019-12,67.0
tapestry,2020-01,63.0
tapestry,2020-02,61.0
tapestry,2020-03,66.0
tapestry,2020-04,98.0
tapestry,2020-05,90.0
tapestry,2020-06,77.0
tapestry,2020-07,85.0
tapestry,2020-08,100.0
tapestry,2020-09,81.0
tapestry,2020-10,70.0
tapestry,2020-11,74.0
tapestry,2020-12,83.0
tapestry,2021-01,79.0
tapestry,2021-02,79.0
tapestry,2021-03,69.0
tapestry,2021-04,65.0
tapestry,2021-05,60.0
tapestry,2021-06,60.0
tapestry,2021-07,63.0
tapestry,2021-08,81.0
tapestry,2021-09,68.0
tapestry,2021-10,57.0
medical science,2019-01,83.63636363636364
medical science,2019-02,94.54545454545455
medical science,2019-03,89.0909090909091
medical science,2019-04,96.36363636363636
medical science,2019-05,98.18181818181819
medical science,2019-06,80.0
medical science,2019-07,78.18181818181819
medical science,2019-08,81.81818181818181
medical science,2019-09,92.72727272727273
medical science,2019-10,100.0
medical science,2019-11,85.45454545454545
medical science,2019-12,81.81818181818181
medical science,2020-01,100.0
medical science,2020-02,89.0909090909091
medical science,2020-03,81.81818181818181
medical science,2020-04,85.45454545454545
medical science,2020-05,90.9090909090909
medical science,2020-06,78.18181818181819
medical science,2020-07,81.81818181818181
medical science,2020-08,90.9090909090909
medical science,2020-09,92.72727272727273
medical science,2020-10,83.63636363636364
medical science,2020-11,69.0909090909091
medical science,2020-12,70.9090909090909
medical science,2021-01,74.54545454545455
medical science,2021-02,70.9090909090909
medical science,2021-03,72.72727272727273
medical science,2021-04,81.81818181818181
medical science,2021-05,83.63636363636364
medical science,2021-06,63.63636363636363
medical science,2021-07,67.27272727272727
medical science,2021-08,74.54545454545455
medical science,2021-09,85.45454545454545
medical science,2021-10,83.63636363636364
go,2019-01,92.3076923076923
go,2019-02,89.74358974358974
go,2019-03,92.3076923076923
go,2019-04,89.74358974358974
go,2019-05,89.74358974358974
go,2019-06,92.3076923076923
go,2019-07,97.43589743589743
go,2019-08,92.3076923076923
go,2019-09,89.74358974358974
go,2019-10,84.61538461538461
go,2019-11,87.17948717948718
go,2019-12,84.61538461538461
go,2020-01,87.17948717948718
go,2020-02,92.3076923076923
go,2020-03,94.87179487179488
go,2020-04,100.0
go,2020-05,100.0
go,2020-06,92.3076923076923
go,2020-07,100.0
go,2020-08,97.43589743589743
go,2020-09,89.74358974358974
go,2020-10,89.74358974358974
go,2020-11,87.17948717948718
go,2020-12,89.74358974358974
go,2021-01,92.3076923076923
go,2021-02,94.87179487179488
go,2021-03,97.43589743589743
go,2021-04,89.74358974358974
go,2021-05,94.87179487179488
go,2021-06,92.3076923076923
go,2021-07,94.87179487179488
go,2021-08,92.3076923076923
go,2021-09,89.74358974358974
go,2021-10,89.74358974358974
